2026-10-08T13:15:25.268947+00:00,reactphp,9
2026-10-08T13:15:45.353540+00:00,reactphp,9
2026-10-08T13:16:05.439315+00:00,reactphp,9
2026-10-08T13:16:25.526713+00:00,reactphp,9
2026-10-08T13:16:45.614120+00:00,reactphp,9
2026-10-08T13:17:05.704321+00:00,reactphp,9
2026-10-08T13:17:25.794844+00:00,reactphp,9
2026-10-08T13:17:45.888003+00:00,reactphp,9
2026-10-08T13:18:05.981126+00:00,reactphp,9
2026-10-08T13:18:26.076674+00:00,reactphp,9
2026-10-08T13:18:46.169849+00:00,reactphp,9
2026-10-08T13:19:06.275495+00:00,reactphp,9
2026-10-08T13:19:26.379628+00:00,reactphp,9
2026-10-08T13:19:46.487335+00:00,reactphp,9
2026-10-08T13:20:06.614564+00:00,reactphp,9
2026-10-08T13:20:26.751333+00:00,reactphp,9
2026-10-08T13:20:46.895379+00:00,reactphp,9
2026-10-08T13:21:07.058257+00:00,reactphp,9
2026-10-08T13:21:27.210107+00:00,reactphp,9
2026-10-08T13:21:47.365993+00:00,reactphp,9
2026-10-08T13:22:07.466960+00:00,reactphp,29
2026-10-08T13:22:27.552696+00:00,reactphp,28
2026-10-08T13:22:47.645623+00:00,reactphp,27
2026-10-08T13:23:07.741889+00:00,reactphp,27
2026-10-08T13:23:27.848866+00:00,reactphp,27
2026-10-08T13:23:47.967221+00:00,reactphp,27
2026-10-08T13:24:08.094841+00:00,reactphp,27
2026-10-08T13:24:28.223386+00:00,reactphp,27
2026-10-08T13:24:48.351612+00:00,reactphp,27
2026-10-08T13:25:08.477697+00:00,reactphp,26
2026-10-08T13:25:28.630684+00:00,reactphp,27
2026-10-08T13:25:48.756372+00:00,reactphp,27
2026-10-08T13:26:08.887528+00:00,reactphp,28
2026-10-08T13:26:29.009526+00:00,reactphp,27
2026-10-08T13:26:49.139621+00:00,reactphp,26
2026-10-08T13:27:09.267377+00:00,reactphp,27
2026-10-08T13:27:29.392790+00:00,reactphp,27
2026-10-08T13:27:49.511441+00:00,reactphp,26
2026-10-08T13:28:09.642705+00:00,reactphp,27
2026-10-08T13:28:29.780261+00:00,reactphp,27
2026-10-08T13:29:09.964638+00:00,amphp,9
2026-10-08T13:29:30.048872+00:00,amphp,9
2026-10-08T13:29:50.133938+00:00,amphp,9
2026-10-08T13:30:10.227928+00:00,amphp,9
2026-10-08T13:30:30.318505+00:00,amphp,9
2026-10-08T13:30:50.414198+00:00,amphp,9
2026-10-08T13:31:10.510999+00:00,amphp,9
2026-10-08T13:31:30.608511+00:00,amphp,9
2026-10-08T13:31:50.727790+00:00,amphp,9
2026-10-08T13:32:10.814421+00:00,amphp,9
2026-10-08T13:32:30.920676+00:00,amphp,9
2026-10-08T13:32:51.040186+00:00,amphp,9
2026-10-08T13:33:11.154794+00:00,amphp,9
2026-10-08T13:33:31.288139+00:00,amphp,9
2026-10-08T13:33:51.430446+00:00,amphp,9
2026-10-08T13:34:11.588726+00:00,amphp,9
2026-10-08T13:34:31.743131+00:00,amphp,9
2026-10-08T13:34:51.923333+00:00,amphp,9
2026-10-08T13:35:12.078525+00:00,amphp,9
2026-10-08T13:35:32.236393+00:00,amphp,9
2026-10-08T13:35:52.319565+00:00,amphp,27
2026-10-08T13:36:12.406981+00:00,amphp,27
2026-10-08T13:36:32.504059+00:00,amphp,29
2026-10-08T13:36:52.602514+00:00,amphp,25
2026-10-08T13:37:12.714075+00:00,amphp,27
2026-10-08T13:37:32.844701+00:00,amphp,26
2026-10-08T13:37:52.983582+00:00,amphp,28
2026-10-08T13:38:13.106320+00:00,amphp,27
2026-10-08T13:38:33.229384+00:00,amphp,27
2026-10-08T13:38:53.349703+00:00,amphp,26
2026-10-08T13:39:13.477669+00:00,amphp,27
2026-10-08T13:39:33.596599+00:00,amphp,27
2026-10-08T13:39:53.730297+00:00,amphp,28
2026-10-08T13:40:13.858228+00:00,amphp,27
2026-10-08T13:40:33.990051+00:00,amphp,27
2026-10-08T13:40:54.129714+00:00,amphp,27
2026-10-08T13:41:14.260566+00:00,amphp,27
2026-10-08T13:41:34.384875+00:00,amphp,26
2026-10-08T13:41:54.516494+00:00,amphp,27
2026-10-08T13:42:14.649221+00:00,amphp,26
2026-10-08T13:42:34.730969+00:00,amphp,9
2026-10-08T13:42:54.812387+00:00,amphp,9
