timestamp,service,container_id,container_name,cpu_percent,memory_usage_bytes,memory_limit_bytes,memory_percent,net_input_bytes,net_output_bytes,block_input_bytes,block_output_bytes,pids
2026-10-05T15:29:38+00:00,oxphp-classic,8781f75a8c3d,yii3-benchmarks-oxphp-classic-oxphp-classic-1,674.72,158439834,100824357274,0.16,2100000000,2430000000,0,0,39
2026-10-05T15:29:38+00:00,postgres,93779dec661d,yii3-benchmarks-oxphp-classic-postgres-1,256.84,90701824,100824357274,0.09,11500000,126000000,0,593000000,29
2026-10-05T15:29:38+00:00,valkey,def65048b5b9,yii3-benchmarks-oxphp-classic-valkey-1,11.34,8937013,100824357274,0.01,900000000,1620000000,0,0,8
2026-10-05T15:29:41+00:00,oxphp-classic,8781f75a8c3d,yii3-benchmarks-oxphp-classic-oxphp-classic-1,675.36,159907840,100824357274,0.16,2170000000,2550000000,0,0,39
2026-10-05T15:29:41+00:00,postgres,93779dec661d,yii3-benchmarks-oxphp-classic-postgres-1,263.36,89412076,100824357274,0.09,15500000,169000000,0,593000000,29
2026-10-05T15:29:41+00:00,valkey,def65048b5b9,yii3-benchmarks-oxphp-classic-valkey-1,13.35,9413067,100824357274,0.01,903000000,1620000000,0,0,8
2026-10-05T15:29:44+00:00,oxphp-classic,8781f75a8c3d,yii3-benchmarks-oxphp-classic-oxphp-classic-1,668.16,159593267,100824357274,0.16,2230000000,2670000000,0,0,39
2026-10-05T15:29:44+00:00,postgres,93779dec661d,yii3-benchmarks-oxphp-classic-postgres-1,254.59,90984940,100824357274,0.09,23300000,254000000,0,593000000,29
2026-10-05T15:29:44+00:00,valkey,def65048b5b9,yii3-benchmarks-oxphp-classic-valkey-1,13.08,9043968,100824357274,0.01,905000000,1620000000,0,0,8
2026-10-05T15:29:47+00:00,oxphp-classic,8781f75a8c3d,yii3-benchmarks-oxphp-classic-oxphp-classic-1,689.42,159488410,100824357274,0.16,2310000000,2790000000,0,0,39
2026-10-05T15:29:47+00:00,postgres,93779dec661d,yii3-benchmarks-oxphp-classic-postgres-1,266.84,92421489,100824357274,0.09,29200000,319000000,0,593000000,29
2026-10-05T15:29:47+00:00,valkey,def65048b5b9,yii3-benchmarks-oxphp-classic-valkey-1,15.48,8560574,100824357274,0.01,907000000,1630000000,0,0,8
2026-10-05T15:29:50+00:00,oxphp-classic,8781f75a8c3d,yii3-benchmarks-oxphp-classic-oxphp-classic-1,672.07,160432128,100824357274,0.16,2370000000,2900000000,0,0,39
2026-10-05T15:29:50+00:00,postgres,93779dec661d,yii3-benchmarks-oxphp-classic-postgres-1,257.96,92746547,100824357274,0.09,35000000,383000000,0,593000000,29
2026-10-05T15:29:50+00:00,valkey,def65048b5b9,yii3-benchmarks-oxphp-classic-valkey-1,13.37,9789506,100824357274,0.01,909000000,1630000000,0,0,8
2026-10-05T15:29:53+00:00,oxphp-classic,8781f75a8c3d,yii3-benchmarks-oxphp-classic-oxphp-classic-1,690.98,159488410,100824357274,0.16,2420000000,2980000000,0,0,39
2026-10-05T15:29:53+00:00,postgres,93779dec661d,yii3-benchmarks-oxphp-classic-postgres-1,267.3,90628424,100824357274,0.09,41000000,448000000,0,593000000,29
2026-10-05T15:29:53+00:00,valkey,def65048b5b9,yii3-benchmarks-oxphp-classic-valkey-1,13.69,8290042,100824357274,0.01,912000000,1640000000,0,0,8
2026-10-05T15:29:56+00:00,oxphp-classic,8781f75a8c3d,yii3-benchmarks-oxphp-classic-oxphp-classic-1,671.81,159383552,100824357274,0.16,2510000000,3140000000,0,0,39
2026-10-05T15:29:56+00:00,postgres,93779dec661d,yii3-benchmarks-oxphp-classic-postgres-1,256.72,89202360,100824357274,0.09,46800000,511000000,0,593000000,29
2026-10-05T15:29:56+00:00,valkey,def65048b5b9,yii3-benchmarks-oxphp-classic-valkey-1,13.05,9117368,100824357274,0.01,914000000,1640000000,0,0,8
2026-10-05T15:29:59+00:00,oxphp-classic,8781f75a8c3d,yii3-benchmarks-oxphp-classic-oxphp-classic-1,693.43,159278694,100824357274,0.16,2580000000,3260000000,0,0,39
2026-10-05T15:29:59+00:00,postgres,93779dec661d,yii3-benchmarks-oxphp-classic-postgres-1,262.92,90586481,100824357274,0.09,50700000,554000000,0,593000000,29
2026-10-05T15:29:59+00:00,valkey,def65048b5b9,yii3-benchmarks-oxphp-classic-valkey-1,13.51,9630122,100824357274,0.01,917000000,1640000000,0,0,8
2026-10-05T15:30:02+00:00,oxphp-classic,8781f75a8c3d,yii3-benchmarks-oxphp-classic-oxphp-classic-1,664.21,159698125,100824357274,0.16,2650000000,3370000000,0,0,39
2026-10-05T15:30:02+00:00,postgres,93779dec661d,yii3-benchmarks-oxphp-classic-postgres-1,254.62,91226112,100824357274,0.09,58500000,640000000,0,593000000,29
2026-10-05T15:30:02+00:00,valkey,def65048b5b9,yii3-benchmarks-oxphp-classic-valkey-1,13.15,9134146,100824357274,0.01,918000000,1650000000,0,0,8
2026-10-05T15:30:05+00:00,oxphp-classic,8781f75a8c3d,yii3-benchmarks-oxphp-classic-oxphp-classic-1,697.52,159802982,100824357274,0.16,2720000000,3490000000,0,0,39
2026-10-05T15:30:05+00:00,postgres,93779dec661d,yii3-benchmarks-oxphp-classic-postgres-1,269.49,89946849,100824357274,0.09,64500000,705000000,0,593000000,29
2026-10-05T15:30:05+00:00,valkey,def65048b5b9,yii3-benchmarks-oxphp-classic-valkey-1,15.37,8736735,100824357274,0.01,920000000,1650000000,0,0,8
2026-10-05T15:30:08+00:00,oxphp-classic,8781f75a8c3d,yii3-benchmarks-oxphp-classic-oxphp-classic-1,1030.86,158649549,100824357274,0.16,2780000000,3590000000,0,0,39
2026-10-05T15:30:08+00:00,postgres,93779dec661d,yii3-benchmarks-oxphp-classic-postgres-1,537.55,91792343,100824357274,0.09,72900000,798000000,0,593000000,29
2026-10-05T15:30:08+00:00,valkey,def65048b5b9,yii3-benchmarks-oxphp-classic-valkey-1,30.49,8072987,100824357274,0.01,924000000,1660000000,0,0,8
2026-10-05T15:30:11+00:00,oxphp-classic,8781f75a8c3d,yii3-benchmarks-oxphp-classic-oxphp-classic-1,1415.79,160222413,100824357274,0.16,2960000000,3900000000,0,0,39
2026-10-05T15:30:11+00:00,postgres,93779dec661d,yii3-benchmarks-oxphp-classic-postgres-1,543.97,90743767,100824357274,0.09,80700000,884000000,0,593000000,29
2026-10-05T15:30:11+00:00,valkey,def65048b5b9,yii3-benchmarks-oxphp-classic-valkey-1,28.46,5992612,100824357274,0.01,929000000,1660000000,0,0,8
2026-10-05T15:30:14+00:00,oxphp-classic,8781f75a8c3d,yii3-benchmarks-oxphp-classic-oxphp-classic-1,1421.87,159488410,100824357274,0.16,3100000000,4130000000,0,0,39
2026-10-05T15:30:14+00:00,postgres,93779dec661d,yii3-benchmarks-oxphp-classic-postgres-1,541.38,92442460,100824357274,0.09,96200000,1060000000,0,593000000,29
2026-10-05T15:30:14+00:00,valkey,def65048b5b9,yii3-benchmarks-oxphp-classic-valkey-1,28.52,4989125,100824357274,0,931000000,1670000000,0,0,8
2026-10-05T15:30:17+00:00,oxphp-classic,8781f75a8c3d,yii3-benchmarks-oxphp-classic-oxphp-classic-1,1430.87,160432128,100824357274,0.16,3240000000,4370000000,0,0,39
2026-10-05T15:30:17+00:00,postgres,93779dec661d,yii3-benchmarks-oxphp-classic-postgres-1,549.51,92840919,100824357274,0.09,108000000,1180000000,0,593000000,29
2026-10-05T15:30:17+00:00,valkey,def65048b5b9,yii3-benchmarks-oxphp-classic-valkey-1,31.3,4284482,100824357274,0,936000000,1680000000,0,0,8
2026-10-05T15:30:20+00:00,oxphp-classic,8781f75a8c3d,yii3-benchmarks-oxphp-classic-oxphp-classic-1,1422.56,159278694,100824357274,0.16,3380000000,4600000000,0,0,39
2026-10-05T15:30:20+00:00,postgres,93779dec661d,yii3-benchmarks-oxphp-classic-postgres-1,541.57,92033516,100824357274,0.09,119000000,1310000000,0,593000000,29
2026-10-05T15:30:20+00:00,valkey,def65048b5b9,yii3-benchmarks-oxphp-classic-valkey-1,28.35,5009048,100824357274,0,940000000,1690000000,0,0,8
2026-10-05T15:30:23+00:00,oxphp-classic,8781f75a8c3d,yii3-benchmarks-oxphp-classic-oxphp-classic-1,1426.91,160851558,100824357274,0.16,3520000000,4840000000,0,0,39
2026-10-05T15:30:23+00:00,postgres,93779dec661d,yii3-benchmarks-oxphp-classic-postgres-1,547.29,91194655,100824357274,0.09,131000000,1440000000,0,593000000,29
2026-10-05T15:30:23+00:00,valkey,def65048b5b9,yii3-benchmarks-oxphp-classic-valkey-1,31.51,6783238,100824357274,0.01,944000000,1690000000,0,0,8
2026-10-05T15:30:26+00:00,oxphp-classic,8781f75a8c3d,yii3-benchmarks-oxphp-classic-oxphp-classic-1,1454.06,159383552,100824357274,0.16,3610000000,5000000000,0,0,39
2026-10-05T15:30:26+00:00,postgres,93779dec661d,yii3-benchmarks-oxphp-classic-postgres-1,552.33,91425341,100824357274,0.09,143000000,1570000000,0,593000000,29
2026-10-05T15:30:26+00:00,valkey,def65048b5b9,yii3-benchmarks-oxphp-classic-valkey-1,32.26,4493148,100824357274,0,950000000,1700000000,0,0,8
2026-10-05T15:30:29+00:00,oxphp-classic,8781f75a8c3d,yii3-benchmarks-oxphp-classic-oxphp-classic-1,1415,160012698,100824357274,0.16,3800000000,5310000000,0,0,39
2026-10-05T15:30:29+00:00,postgres,93779dec661d,yii3-benchmarks-oxphp-classic-postgres-1,541.69,91750400,100824357274,0.09,154000000,1700000000,0,593000000,29
2026-10-05T15:30:29+00:00,valkey,def65048b5b9,yii3-benchmarks-oxphp-classic-valkey-1,31.62,6394216,100824357274,0.01,953000000,1710000000,0,0,8
2026-10-05T15:30:32+00:00,oxphp-classic,8781f75a8c3d,yii3-benchmarks-oxphp-classic-oxphp-classic-1,1427.21,160012698,100824357274,0.16,3890000000,5470000000,0,0,39
2026-10-05T15:30:32+00:00,postgres,93779dec661d,yii3-benchmarks-oxphp-classic-postgres-1,547.43,95399444,100824357274,0.09,166000000,1830000000,0,593000000,29
2026-10-05T15:30:32+00:00,valkey,def65048b5b9,yii3-benchmarks-oxphp-classic-valkey-1,31.84,5615124,100824357274,0.01,959000000,1720000000,0,0,8
2026-10-05T15:30:35+00:00,oxphp-classic,8781f75a8c3d,yii3-benchmarks-oxphp-classic-oxphp-classic-1,1427.67,159593267,100824357274,0.16,4080000000,5780000000,0,0,39
2026-10-05T15:30:35+00:00,postgres,93779dec661d,yii3-benchmarks-oxphp-classic-postgres-1,546.91,90555023,100824357274,0.09,178000000,1960000000,0,593000000,29
2026-10-05T15:30:35+00:00,valkey,def65048b5b9,yii3-benchmarks-oxphp-classic-valkey-1,31.44,5803868,100824357274,0.01,962000000,1720000000,0,0,8
2026-10-05T15:30:38+00:00,oxphp-classic,8781f75a8c3d,yii3-benchmarks-oxphp-classic-oxphp-classic-1,979.68,161166131,100824357274,0.16,4160000000,5910000000,0,0,39
2026-10-05T15:30:38+00:00,postgres,93779dec661d,yii3-benchmarks-oxphp-classic-postgres-1,565.79,92369060,100824357274,0.09,188000000,2070000000,0,593000000,29
2026-10-05T15:30:38+00:00,valkey,def65048b5b9,yii3-benchmarks-oxphp-classic-valkey-1,33.68,5676990,100824357274,0.01,967000000,1730000000,0,0,8
2026-10-05T15:30:41+00:00,oxphp-classic,8781f75a8c3d,yii3-benchmarks-oxphp-classic-oxphp-classic-1,1477.38,162529280,100824357274,0.16,4350000000,6240000000,0,0,39
2026-10-05T15:30:41+00:00,postgres,93779dec661d,yii3-benchmarks-oxphp-classic-postgres-1,561.03,91026883,100824357274,0.09,200000000,2210000000,0,593000000,29
2026-10-05T15:30:41+00:00,valkey,def65048b5b9,yii3-benchmarks-oxphp-classic-valkey-1,33.52,5537530,100824357274,0.01,970000000,1740000000,0,0,8
2026-10-05T15:30:44+00:00,oxphp-classic,8781f75a8c3d,yii3-benchmarks-oxphp-classic-oxphp-classic-1,1495.49,161166131,100824357274,0.16,4490000000,6480000000,0,0,39
2026-10-05T15:30:44+00:00,postgres,93779dec661d,yii3-benchmarks-oxphp-classic-postgres-1,561.24,94225039,100824357274,0.09,212000000,2340000000,0,593000000,29
2026-10-05T15:30:44+00:00,valkey,def65048b5b9,yii3-benchmarks-oxphp-classic-valkey-1,30.8,6516900,100824357274,0.01,974000000,1750000000,0,0,8
2026-10-05T15:30:47+00:00,oxphp-classic,8781f75a8c3d,yii3-benchmarks-oxphp-classic-oxphp-classic-1,1489.29,161375846,100824357274,0.16,4640000000,6720000000,0,0,39
2026-10-05T15:30:47+00:00,postgres,93779dec661d,yii3-benchmarks-oxphp-classic-postgres-1,566.63,91624571,100824357274,0.09,224000000,2470000000,0,593000000,29
2026-10-05T15:30:47+00:00,valkey,def65048b5b9,yii3-benchmarks-oxphp-classic-valkey-1,33.64,4944036,100824357274,0,979000000,1760000000,0,0,8
2026-10-05T15:30:50+00:00,oxphp-classic,8781f75a8c3d,yii3-benchmarks-oxphp-classic-oxphp-classic-1,1493.13,161375846,100824357274,0.16,4730000000,6890000000,0,0,39
2026-10-05T15:30:50+00:00,postgres,93779dec661d,yii3-benchmarks-oxphp-classic-postgres-1,563.67,93249864,100824357274,0.09,236000000,2610000000,0,593000000,29
2026-10-05T15:30:50+00:00,valkey,def65048b5b9,yii3-benchmarks-oxphp-classic-valkey-1,33.45,7827620,100824357274,0.01,985000000,1770000000,0,0,8
2026-10-05T15:30:53+00:00,oxphp-classic,8781f75a8c3d,yii3-benchmarks-oxphp-classic-oxphp-classic-1,1495.37,160746701,100824357274,0.16,4930000000,7210000000,0,0,39
2026-10-05T15:30:53+00:00,postgres,93779dec661d,yii3-benchmarks-oxphp-classic-postgres-1,562.61,92201288,100824357274,0.09,244000000,2700000000,0,593000000,29
2026-10-05T15:30:53+00:00,valkey,def65048b5b9,yii3-benchmarks-oxphp-classic-valkey-1,31.04,6774850,100824357274,0.01,989000000,1770000000,0,0,8
2026-10-05T15:30:56+00:00,oxphp-classic,8781f75a8c3d,yii3-benchmarks-oxphp-classic-oxphp-classic-1,1491.57,160746701,100824357274,0.16,5070000000,7460000000,0,0,39
2026-10-05T15:30:56+00:00,postgres,93779dec661d,yii3-benchmarks-oxphp-classic-postgres-1,567.64,91970601,100824357274,0.09,260000000,2870000000,0,593000000,29
2026-10-05T15:30:56+00:00,valkey,def65048b5b9,yii3-benchmarks-oxphp-classic-valkey-1,31.04,4746904,100824357274,0,992000000,1780000000,0,0,8
2026-10-05T15:30:59+00:00,oxphp-classic,8781f75a8c3d,yii3-benchmarks-oxphp-classic-oxphp-classic-1,1497.6,160956416,100824357274,0.16,5210000000,7700000000,0,0,39
2026-10-05T15:30:59+00:00,postgres,93779dec661d,yii3-benchmarks-oxphp-classic-postgres-1,561.99,92232745,100824357274,0.09,272000000,3010000000,0,593000000,29
2026-10-05T15:30:59+00:00,valkey,def65048b5b9,yii3-benchmarks-oxphp-classic-valkey-1,30.68,5762974,100824357274,0.01,997000000,1790000000,0,0,8
2026-10-05T15:31:02+00:00,oxphp-classic,8781f75a8c3d,yii3-benchmarks-oxphp-classic-oxphp-classic-1,1491.76,160851558,100824357274,0.16,5360000000,7950000000,0,0,39
2026-10-05T15:31:02+00:00,postgres,93779dec661d,yii3-benchmarks-oxphp-classic-postgres-1,564.62,94875156,100824357274,0.09,280000000,3100000000,0,593000000,29
2026-10-05T15:31:02+00:00,valkey,def65048b5b9,yii3-benchmarks-oxphp-classic-valkey-1,31.28,6504317,100824357274,0.01,1000000000,1800000000,0,0,8
2026-10-05T15:31:05+00:00,oxphp-classic,8781f75a8c3d,yii3-benchmarks-oxphp-classic-oxphp-classic-1,1492.68,160641843,100824357274,0.16,5500000000,8190000000,0,0,39
2026-10-05T15:31:05+00:00,postgres,93779dec661d,yii3-benchmarks-oxphp-classic-postgres-1,562.56,92767519,100824357274,0.09,296000000,3270000000,0,593000000,29
2026-10-05T15:31:05+00:00,valkey,def65048b5b9,yii3-benchmarks-oxphp-classic-valkey-1,31.11,5758779,100824357274,0.01,1010000000,1800000000,0,0,8
2026-10-05T15:31:08+00:00,oxphp-classic,8781f75a8c3d,yii3-benchmarks-oxphp-classic-oxphp-classic-1,1493,162424422,100824357274,0.16,5630000000,8400000000,0,0,39
2026-10-05T15:31:08+00:00,postgres,93779dec661d,yii3-benchmarks-oxphp-classic-postgres-1,567.54,95336530,100824357274,0.09,307000000,3390000000,0,593000000,29
2026-10-05T15:31:08+00:00,valkey,def65048b5b9,yii3-benchmarks-oxphp-classic-valkey-1,21.33,5971640,100824357274,0.01,1010000000,1810000000,0,0,8
2026-10-05T15:31:11+00:00,oxphp-classic,8781f75a8c3d,yii3-benchmarks-oxphp-classic-oxphp-classic-1,1487.28,161690419,100824357274,0.16,5770000000,8650000000,0,0,39
2026-10-05T15:31:11+00:00,postgres,93779dec661d,yii3-benchmarks-oxphp-classic-postgres-1,567.2,92411003,100824357274,0.09,315000000,3480000000,0,593000000,29
2026-10-05T15:31:11+00:00,valkey,def65048b5b9,yii3-benchmarks-oxphp-classic-valkey-1,33.45,5517607,100824357274,0.01,1020000000,1820000000,0,0,8
2026-10-05T15:31:15+00:00,oxphp-classic,8781f75a8c3d,yii3-benchmarks-oxphp-classic-oxphp-classic-1,1491.47,161900134,100824357274,0.16,5920000000,8890000000,0,0,39
2026-10-05T15:31:15+00:00,postgres,93779dec661d,yii3-benchmarks-oxphp-classic-postgres-1,565.08,91309998,100824357274,0.09,331000000,3660000000,0,593000000,29
2026-10-05T15:31:15+00:00,valkey,def65048b5b9,yii3-benchmarks-oxphp-classic-valkey-1,33.32,5779751,100824357274,0.01,1020000000,1830000000,0,0,8
2026-10-05T15:31:18+00:00,oxphp-classic,8781f75a8c3d,yii3-benchmarks-oxphp-classic-oxphp-classic-1,1482.59,162424422,100824357274,0.16,6010000000,9050000000,0,0,39
2026-10-05T15:31:18+00:00,postgres,93779dec661d,yii3-benchmarks-oxphp-classic-postgres-1,562.08,90796196,100824357274,0.09,343000000,3790000000,0,593000000,29
2026-10-05T15:31:18+00:00,valkey,def65048b5b9,yii3-benchmarks-oxphp-classic-valkey-1,33.47,7045382,100824357274,0.01,1020000000,1840000000,0,0,8
2026-10-05T15:31:21+00:00,oxphp-classic,8781f75a8c3d,yii3-benchmarks-oxphp-classic-oxphp-classic-1,1491.59,162424422,100824357274,0.16,6160000000,9300000000,0,0,39
2026-10-05T15:31:21+00:00,postgres,93779dec661d,yii3-benchmarks-oxphp-classic-postgres-1,562.92,93312778,100824357274,0.09,355000000,3920000000,0,593000000,29
2026-10-05T15:31:21+00:00,valkey,def65048b5b9,yii3-benchmarks-oxphp-classic-valkey-1,31.04,5266997,100824357274,0.01,1030000000,1850000000,0,0,8
2026-10-05T15:31:24+00:00,oxphp-classic,8781f75a8c3d,yii3-benchmarks-oxphp-classic-oxphp-classic-1,1494,162004992,100824357274,0.16,6300000000,9540000000,0,0,39
2026-10-05T15:31:24+00:00,postgres,93779dec661d,yii3-benchmarks-oxphp-classic-postgres-1,563.26,90408223,100824357274,0.09,367000000,4050000000,0,593000000,29
2026-10-05T15:31:24+00:00,valkey,def65048b5b9,yii3-benchmarks-oxphp-classic-valkey-1,33,7266632,100824357274,0.01,1030000000,1850000000,0,0,8
2026-10-05T15:31:27+00:00,oxphp-classic,8781f75a8c3d,yii3-benchmarks-oxphp-classic-oxphp-classic-1,1486.43,162004992,100824357274,0.16,6490000000,9860000000,0,0,39
2026-10-05T15:31:27+00:00,postgres,93779dec661d,yii3-benchmarks-oxphp-classic-postgres-1,560.46,93637837,100824357274,0.09,375000000,4140000000,0,593000000,29
2026-10-05T15:31:27+00:00,valkey,def65048b5b9,yii3-benchmarks-oxphp-classic-valkey-1,31.28,5017436,100824357274,0,1040000000,1860000000,0,0,8
2026-10-05T15:31:30+00:00,oxphp-classic,8781f75a8c3d,yii3-benchmarks-oxphp-classic-oxphp-classic-1,1490.73,162738995,100824357274,0.16,6590000000,10000000000,0,0,39
2026-10-05T15:31:30+00:00,postgres,93779dec661d,yii3-benchmarks-oxphp-classic-postgres-1,562.02,94319411,100824357274,0.09,391000000,4320000000,0,593000000,29
2026-10-05T15:31:30+00:00,valkey,def65048b5b9,yii3-benchmarks-oxphp-classic-valkey-1,33.22,6791627,100824357274,0.01,1040000000,1870000000,0,0,8
2026-10-05T15:31:33+00:00,oxphp-classic,8781f75a8c3d,yii3-benchmarks-oxphp-classic-oxphp-classic-1,1490.85,162319565,100824357274,0.16,6780000000,10400000000,0,0,39
2026-10-05T15:31:33+00:00,postgres,93779dec661d,yii3-benchmarks-oxphp-classic-postgres-1,565.13,90607452,100824357274,0.09,403000000,4450000000,0,593000000,29
2026-10-05T15:31:33+00:00,valkey,def65048b5b9,yii3-benchmarks-oxphp-classic-valkey-1,33.68,6029312,100824357274,0.01,1050000000,1870000000,0,0,8
2026-10-05T15:31:36+00:00,oxphp-classic,8781f75a8c3d,yii3-benchmarks-oxphp-classic-oxphp-classic-1,1489.15,162004992,100824357274,0.16,6920000000,10600000000,0,0,39
2026-10-05T15:31:36+00:00,postgres,93779dec661d,yii3-benchmarks-oxphp-classic-postgres-1,563.34,91949629,100824357274,0.09,415000000,4590000000,0,593000000,29
2026-10-05T15:31:36+00:00,valkey,def65048b5b9,yii3-benchmarks-oxphp-classic-valkey-1,30.72,5775557,100824357274,0.01,1050000000,1880000000,0,0,8
2026-10-05T15:31:39+00:00,oxphp-classic,8781f75a8c3d,yii3-benchmarks-oxphp-classic-oxphp-classic-1,1484.7,161900134,100824357274,0.16,7050000000,10800000000,0,0,39
2026-10-05T15:31:39+00:00,postgres,93779dec661d,yii3-benchmarks-oxphp-classic-postgres-1,565.1,93491036,100824357274,0.09,425000000,4700000000,0,593000000,29
2026-10-05T15:31:39+00:00,valkey,def65048b5b9,yii3-benchmarks-oxphp-classic-valkey-1,22.04,7270826,100824357274,0.01,1050000000,1890000000,0,0,8
2026-10-05T15:31:42+00:00,oxphp-classic,8781f75a8c3d,yii3-benchmarks-oxphp-classic-oxphp-classic-1,1481.97,162424422,100824357274,0.16,7190000000,11100000000,0,0,39
2026-10-05T15:31:42+00:00,postgres,93779dec661d,yii3-benchmarks-oxphp-classic-postgres-1,567.35,92914319,100824357274,0.09,433000000,4790000000,0,593000000,29
2026-10-05T15:31:42+00:00,valkey,def65048b5b9,yii3-benchmarks-oxphp-classic-valkey-1,32.83,5263852,100824357274,0.01,1060000000,1900000000,0,0,8
2026-10-05T15:31:45+00:00,oxphp-classic,8781f75a8c3d,yii3-benchmarks-oxphp-classic-oxphp-classic-1,1489.65,161795277,100824357274,0.16,7290000000,11200000000,0,0,39
2026-10-05T15:31:45+00:00,postgres,93779dec661d,yii3-benchmarks-oxphp-classic-postgres-1,566.31,93774152,100824357274,0.09,449000000,4970000000,0,593000000,29
2026-10-05T15:31:45+00:00,valkey,def65048b5b9,yii3-benchmarks-oxphp-classic-valkey-1,31.02,6779044,100824357274,0.01,1060000000,1910000000,0,0,8
2026-10-05T15:31:48+00:00,oxphp-classic,8781f75a8c3d,yii3-benchmarks-oxphp-classic-oxphp-classic-1,1485.18,162109850,100824357274,0.16,7480000000,11500000000,0,0,39
2026-10-05T15:31:48+00:00,postgres,93779dec661d,yii3-benchmarks-oxphp-classic-postgres-1,560.33,92725576,100824357274,0.09,461000000,5100000000,0,593000000,29
2026-10-05T15:31:48+00:00,valkey,def65048b5b9,yii3-benchmarks-oxphp-classic-valkey-1,31.37,6008340,100824357274,0.01,1070000000,1910000000,0,0,8
2026-10-05T15:31:51+00:00,oxphp-classic,8781f75a8c3d,yii3-benchmarks-oxphp-classic-oxphp-classic-1,1486.97,161795277,100824357274,0.16,7580000000,11700000000,0,0,39
2026-10-05T15:31:51+00:00,postgres,93779dec661d,yii3-benchmarks-oxphp-classic-postgres-1,565.18,92631204,100824357274,0.09,473000000,5230000000,0,593000000,29
2026-10-05T15:31:51+00:00,valkey,def65048b5b9,yii3-benchmarks-oxphp-classic-valkey-1,31.12,6512706,100824357274,0.01,1070000000,1920000000,0,0,8
2026-10-05T15:31:54+00:00,oxphp-classic,8781f75a8c3d,yii3-benchmarks-oxphp-classic-oxphp-classic-1,1490.88,162319565,100824357274,0.16,7770000000,12000000000,0,0,39
2026-10-05T15:31:54+00:00,postgres,93779dec661d,yii3-benchmarks-oxphp-classic-postgres-1,563.89,93040148,100824357274,0.09,485000000,5370000000,0,593000000,29
2026-10-05T15:31:54+00:00,valkey,def65048b5b9,yii3-benchmarks-oxphp-classic-valkey-1,30.94,7254049,100824357274,0.01,1080000000,1930000000,0,0,8
2026-10-05T15:31:57+00:00,oxphp-classic,8781f75a8c3d,yii3-benchmarks-oxphp-classic-oxphp-classic-1,1484.15,162109850,100824357274,0.16,7910000000,12300000000,0,0,39
2026-10-05T15:31:57+00:00,postgres,93779dec661d,yii3-benchmarks-oxphp-classic-postgres-1,564.94,95808389,100824357274,0.1,497000000,5500000000,0,593000000,29
2026-10-05T15:31:57+00:00,valkey,def65048b5b9,yii3-benchmarks-oxphp-classic-valkey-1,33.41,5017436,100824357274,0,1080000000,1940000000,0,0,8
2026-10-05T15:32:00+00:00,oxphp-classic,8781f75a8c3d,yii3-benchmarks-oxphp-classic-oxphp-classic-1,1494.71,162634138,100824357274,0.16,8060000000,12500000000,0,0,39
2026-10-05T15:32:00+00:00,postgres,93779dec661d,yii3-benchmarks-oxphp-classic-postgres-1,565.36,91079311,100824357274,0.09,505000000,5590000000,0,593000000,29
2026-10-05T15:32:00+00:00,valkey,def65048b5b9,yii3-benchmarks-oxphp-classic-valkey-1,33.46,5992612,100824357274,0.01,1090000000,1950000000,0,0,8
2026-10-05T15:32:03+00:00,oxphp-classic,8781f75a8c3d,yii3-benchmarks-oxphp-classic-oxphp-classic-1,1493.72,162529280,100824357274,0.16,8200000000,12800000000,0,0,39
2026-10-05T15:32:03+00:00,postgres,93779dec661d,yii3-benchmarks-oxphp-classic-postgres-1,568.95,92180316,100824357274,0.09,521000000,5770000000,0,593000000,29
2026-10-05T15:32:03+00:00,valkey,def65048b5b9,yii3-benchmarks-oxphp-classic-valkey-1,33.44,4817158,100824357274,0,1090000000,1950000000,0,0,8
2026-10-05T15:32:06+00:00,oxphp-classic,8781f75a8c3d,yii3-benchmarks-oxphp-classic-oxphp-classic-1,1492.28,162214707,100824357274,0.16,8340000000,13000000000,0,0,39
2026-10-05T15:32:06+00:00,postgres,93779dec661d,yii3-benchmarks-oxphp-classic-postgres-1,565.71,92253716,100824357274,0.09,533000000,5900000000,0,593000000,29
2026-10-05T15:32:06+00:00,valkey,def65048b5b9,yii3-benchmarks-oxphp-classic-valkey-1,31.13,6983516,100824357274,0.01,1090000000,1960000000,0,0,8
2026-10-05T15:32:09+00:00,oxphp-classic,8781f75a8c3d,yii3-benchmarks-oxphp-classic-oxphp-classic-1,1489.21,160746701,100824357274,0.16,8470000000,13200000000,0,0,39
2026-10-05T15:32:09+00:00,postgres,93779dec661d,yii3-benchmarks-oxphp-classic-postgres-1,565.03,92683633,100824357274,0.09,544000000,6020000000,0,593000000,29
2026-10-05T15:32:09+00:00,valkey,def65048b5b9,yii3-benchmarks-oxphp-classic-valkey-1,22.07,8007975,100824357274,0.01,1100000000,1970000000,0,0,8
2026-10-05T15:32:12+00:00,oxphp-classic,8781f75a8c3d,yii3-benchmarks-oxphp-classic-oxphp-classic-1,1486.68,160956416,100824357274,0.16,8610000000,13500000000,0,0,39
2026-10-05T15:32:12+00:00,postgres,93779dec661d,yii3-benchmarks-oxphp-classic-postgres-1,559.03,94749327,100824357274,0.09,556000000,6150000000,0,593000000,29
2026-10-05T15:32:12+00:00,valkey,def65048b5b9,yii3-benchmarks-oxphp-classic-valkey-1,30.88,5230297,100824357274,0.01,1100000000,1980000000,0,0,8
2026-10-05T15:32:15+00:00,oxphp-classic,8781f75a8c3d,yii3-benchmarks-oxphp-classic-oxphp-classic-1,1492.59,160222413,100824357274,0.16,8710000000,13600000000,0,0,39
2026-10-05T15:32:15+00:00,postgres,93779dec661d,yii3-benchmarks-oxphp-classic-postgres-1,562.2,91635057,100824357274,0.09,568000000,6280000000,0,593000000,29
2026-10-05T15:32:15+00:00,valkey,def65048b5b9,yii3-benchmarks-oxphp-classic-valkey-1,30.8,6708789,100824357274,0.01,1110000000,1990000000,0,0,8
2026-10-05T15:32:18+00:00,oxphp-classic,8781f75a8c3d,yii3-benchmarks-oxphp-classic-oxphp-classic-1,1488.34,157810688,100824357274,0.16,8900000000,13900000000,0,0,39
2026-10-05T15:32:18+00:00,postgres,93779dec661d,yii3-benchmarks-oxphp-classic-postgres-1,561.06,91981087,100824357274,0.09,580000000,6410000000,0,593000000,29
2026-10-05T15:32:18+00:00,valkey,def65048b5b9,yii3-benchmarks-oxphp-classic-valkey-1,31.12,6549406,100824357274,0.01,1110000000,1990000000,0,0,8
2026-10-05T15:32:21+00:00,oxphp-classic,8781f75a8c3d,yii3-benchmarks-oxphp-classic-oxphp-classic-1,1496.52,159383552,100824357274,0.16,9000000000,14100000000,0,0,39
2026-10-05T15:32:21+00:00,postgres,93779dec661d,yii3-benchmarks-oxphp-classic-postgres-1,564.76,92798976,100824357274,0.09,592000000,6550000000,0,593000000,29
2026-10-05T15:32:21+00:00,valkey,def65048b5b9,yii3-benchmarks-oxphp-classic-valkey-1,31.04,6025118,100824357274,0.01,1120000000,2000000000,0,0,8
2026-10-05T15:32:24+00:00,oxphp-classic,8781f75a8c3d,yii3-benchmarks-oxphp-classic-oxphp-classic-1,1493.3,157705830,100824357274,0.16,9190000000,14400000000,0,0,39
2026-10-05T15:32:24+00:00,postgres,93779dec661d,yii3-benchmarks-oxphp-classic-postgres-1,561.03,91268055,100824357274,0.09,603000000,6680000000,0,593000000,29
2026-10-05T15:32:24+00:00,valkey,def65048b5b9,yii3-benchmarks-oxphp-classic-valkey-1,31.16,5242880,100824357274,0.01,1120000000,2010000000,0,0,8
2026-10-05T15:32:27+00:00,oxphp-classic,8781f75a8c3d,yii3-benchmarks-oxphp-classic-oxphp-classic-1,1488.41,158230118,100824357274,0.16,9280000000,14600000000,0,0,39
2026-10-05T15:32:27+00:00,postgres,93779dec661d,yii3-benchmarks-oxphp-classic-postgres-1,564.88,93082092,100824357274,0.09,615000000,6810000000,0,593000000,29
2026-10-05T15:32:27+00:00,valkey,def65048b5b9,yii3-benchmarks-oxphp-classic-valkey-1,30.87,5021630,100824357274,0,1130000000,2020000000,0,0,8
2026-10-05T15:32:30+00:00,oxphp-classic,8781f75a8c3d,yii3-benchmarks-oxphp-classic-oxphp-classic-1,1498.77,158125261,100824357274,0.16,9480000000,14900000000,0,0,39
2026-10-05T15:32:30+00:00,postgres,93779dec661d,yii3-benchmarks-oxphp-classic-postgres-1,562.61,91561656,100824357274,0.09,627000000,6940000000,0,593000000,29
2026-10-05T15:32:30+00:00,valkey,def65048b5b9,yii3-benchmarks-oxphp-classic-valkey-1,30.87,6504317,100824357274,0.01,1130000000,2020000000,0,0,8
2026-10-05T15:32:33+00:00,oxphp-classic,8781f75a8c3d,yii3-benchmarks-oxphp-classic-oxphp-classic-1,1493.4,158125261,100824357274,0.16,9620000000,15200000000,0,0,39
2026-10-05T15:32:33+00:00,postgres,93779dec661d,yii3-benchmarks-oxphp-classic-postgres-1,564.97,91268055,100824357274,0.09,639000000,7080000000,0,593000000,29
2026-10-05T15:32:33+00:00,valkey,def65048b5b9,yii3-benchmarks-oxphp-classic-valkey-1,33.31,6291456,100824357274,0.01,1130000000,2030000000,0,0,8
2026-10-05T15:32:36+00:00,oxphp-classic,8781f75a8c3d,yii3-benchmarks-oxphp-classic-oxphp-classic-1,1493.27,158754406,100824357274,0.16,9710000000,15300000000,0,0,39
2026-10-05T15:32:36+00:00,postgres,93779dec661d,yii3-benchmarks-oxphp-classic-postgres-1,562.88,92127887,100824357274,0.09,651000000,7210000000,0,593000000,29
2026-10-05T15:32:36+00:00,valkey,def65048b5b9,yii3-benchmarks-oxphp-classic-valkey-1,33.5,5795480,100824357274,0.01,1140000000,2040000000,0,0,8
2026-10-05T15:32:39+00:00,oxphp-classic,8781f75a8c3d,yii3-benchmarks-oxphp-classic-oxphp-classic-1,949.13,161270989,100824357274,0.16,9840000000,15500000000,0,0,39
2026-10-05T15:32:39+00:00,postgres,93779dec661d,yii3-benchmarks-oxphp-classic-postgres-1,566.8,91792343,100824357274,0.09,662000000,7330000000,0,593000000,29
2026-10-05T15:32:39+00:00,valkey,def65048b5b9,yii3-benchmarks-oxphp-classic-valkey-1,31.16,6254756,100824357274,0.01,1140000000,2050000000,0,0,8
2026-10-05T15:32:42+00:00,oxphp-classic,8781f75a8c3d,yii3-benchmarks-oxphp-classic-oxphp-classic-1,1495.52,160956416,100824357274,0.16,10000000000,15900000000,0,0,39
2026-10-05T15:32:42+00:00,postgres,93779dec661d,yii3-benchmarks-oxphp-classic-postgres-1,562.96,91047854,100824357274,0.09,674000000,7460000000,0,593000000,29
2026-10-05T15:32:42+00:00,valkey,def65048b5b9,yii3-benchmarks-oxphp-classic-valkey-1,31.22,5758779,100824357274,0.01,1150000000,2060000000,0,0,8
2026-10-05T15:32:45+00:00,oxphp-classic,8781f75a8c3d,yii3-benchmarks-oxphp-classic-oxphp-classic-1,1496.08,161690419,100824357274,0.16,10200000000,16100000000,0,0,39
2026-10-05T15:32:45+00:00,postgres,93779dec661d,yii3-benchmarks-oxphp-classic-postgres-1,560.9,93134520,100824357274,0.09,682000000,7550000000,0,593000000,29
2026-10-05T15:32:45+00:00,valkey,def65048b5b9,yii3-benchmarks-oxphp-classic-valkey-1,30.94,6512706,100824357274,0.01,1150000000,2070000000,0,0,8
2026-10-05T15:32:48+00:00,oxphp-classic,8781f75a8c3d,yii3-benchmarks-oxphp-classic-oxphp-classic-1,1489.68,162319565,100824357274,0.16,10300000000,16300000000,0,0,39
2026-10-05T15:32:48+00:00,postgres,93779dec661d,yii3-benchmarks-oxphp-classic-postgres-1,565.13,92704604,100824357274,0.09,694000000,7680000000,0,593000000,29
2026-10-05T15:32:48+00:00,valkey,def65048b5b9,yii3-benchmarks-oxphp-classic-valkey-1,33.31,5001708,100824357274,0,1160000000,2070000000,0,0,8
2026-10-05T15:32:51+00:00,oxphp-classic,8781f75a8c3d,yii3-benchmarks-oxphp-classic-oxphp-classic-1,1487.27,163158426,100824357274,0.16,10400000000,16500000000,0,0,39
2026-10-05T15:32:51+00:00,postgres,93779dec661d,yii3-benchmarks-oxphp-classic-postgres-1,565.18,92096430,100824357274,0.09,710000000,7860000000,0,593000000,29
2026-10-05T15:32:51+00:00,valkey,def65048b5b9,yii3-benchmarks-oxphp-classic-valkey-1,31.26,6758072,100824357274,0.01,1160000000,2080000000,0,0,8
2026-10-05T15:32:55+00:00,oxphp-classic,8781f75a8c3d,yii3-benchmarks-oxphp-classic-oxphp-classic-1,1490.92,160746701,100824357274,0.16,10600000000,16800000000,0,0,39
2026-10-05T15:32:55+00:00,postgres,93779dec661d,yii3-benchmarks-oxphp-classic-postgres-1,562.76,93071606,100824357274,0.09,721000000,7990000000,0,593000000,29
2026-10-05T15:32:55+00:00,valkey,def65048b5b9,yii3-benchmarks-oxphp-classic-valkey-1,30.93,7282360,100824357274,0.01,1160000000,2090000000,0,0,8
2026-10-05T15:32:58+00:00,oxphp-classic,8781f75a8c3d,yii3-benchmarks-oxphp-classic-oxphp-classic-1,1488.5,162529280,100824357274,0.16,10700000000,17100000000,0,0,39
2026-10-05T15:32:58+00:00,postgres,93779dec661d,yii3-benchmarks-oxphp-classic-postgres-1,562.56,91005911,100824357274,0.09,733000000,8120000000,0,593000000,29
2026-10-05T15:32:58+00:00,valkey,def65048b5b9,yii3-benchmarks-oxphp-classic-valkey-1,33.4,5251269,100824357274,0.01,1170000000,2100000000,0,0,8
2026-10-05T15:33:01+00:00,oxphp-classic,8781f75a8c3d,yii3-benchmarks-oxphp-classic-oxphp-classic-1,1487.39,162424422,100824357274,0.16,10900000000,17300000000,0,0,39
2026-10-05T15:33:01+00:00,postgres,93779dec661d,yii3-benchmarks-oxphp-classic-postgres-1,565.35,91058340,100824357274,0.09,741000000,8210000000,0,593000000,29
2026-10-05T15:33:01+00:00,valkey,def65048b5b9,yii3-benchmarks-oxphp-classic-valkey-1,30.92,6287262,100824357274,0.01,1170000000,2100000000,0,0,8
2026-10-05T15:33:04+00:00,oxphp-classic,8781f75a8c3d,yii3-benchmarks-oxphp-classic-oxphp-classic-1,1492.31,162214707,100824357274,0.16,11000000000,17500000000,0,0,39
2026-10-05T15:33:04+00:00,postgres,93779dec661d,yii3-benchmarks-oxphp-classic-postgres-1,563.74,96773079,100824357274,0.1,757000000,8390000000,0,593000000,35
2026-10-05T15:33:04+00:00,valkey,def65048b5b9,yii3-benchmarks-oxphp-classic-valkey-1,30.73,4989125,100824357274,0,1180000000,2110000000,0,0,8
2026-10-05T15:33:07+00:00,oxphp-classic,8781f75a8c3d,yii3-benchmarks-oxphp-classic-oxphp-classic-1,1486.41,162319565,100824357274,0.16,11200000000,17800000000,0,0,39
2026-10-05T15:33:07+00:00,postgres,93779dec661d,yii3-benchmarks-oxphp-classic-postgres-1,561.29,95651103,100824357274,0.09,765000000,8470000000,0,593000000,32
2026-10-05T15:33:07+00:00,valkey,def65048b5b9,yii3-benchmarks-oxphp-classic-valkey-1,33.46,5049942,100824357274,0.01,1180000000,2120000000,0,0,8
2026-10-05T15:33:10+00:00,oxphp-classic,8781f75a8c3d,yii3-benchmarks-oxphp-classic-oxphp-classic-1,983.17,163053568,100824357274,0.16,11300000000,17900000000,0,0,39
2026-10-05T15:33:10+00:00,postgres,93779dec661d,yii3-benchmarks-oxphp-classic-postgres-1,561.12,93983867,100824357274,0.09,780000000,8640000000,0,593000000,29
2026-10-05T15:33:10+00:00,valkey,def65048b5b9,yii3-benchmarks-oxphp-classic-valkey-1,31.08,6012535,100824357274,0.01,1190000000,2130000000,0,0,8
2026-10-05T15:33:13+00:00,oxphp-classic,8781f75a8c3d,yii3-benchmarks-oxphp-classic-oxphp-classic-1,1484.44,162634138,100824357274,0.16,11400000000,18300000000,0,0,39
2026-10-05T15:33:13+00:00,postgres,93779dec661d,yii3-benchmarks-oxphp-classic-postgres-1,563.33,92421489,100824357274,0.09,792000000,8770000000,0,593000000,29
2026-10-05T15:33:13+00:00,valkey,def65048b5b9,yii3-benchmarks-oxphp-classic-valkey-1,31.03,5509218,100824357274,0.01,1190000000,2130000000,0,0,8
2026-10-05T15:33:16+00:00,oxphp-classic,8781f75a8c3d,yii3-benchmarks-oxphp-classic-oxphp-classic-1,1489.16,162634138,100824357274,0.16,11600000000,18500000000,0,0,39
2026-10-05T15:33:16+00:00,postgres,93779dec661d,yii3-benchmarks-oxphp-classic-postgres-1,559.58,93648323,100824357274,0.09,804000000,8900000000,0,593000000,29
2026-10-05T15:33:16+00:00,valkey,def65048b5b9,yii3-benchmarks-oxphp-classic-valkey-1,33.38,7225737,100824357274,0.01,1190000000,2140000000,0,0,8
2026-10-05T15:33:19+00:00,oxphp-classic,8781f75a8c3d,yii3-benchmarks-oxphp-classic-oxphp-classic-1,1492.55,162948710,100824357274,0.16,11700000000,18700000000,0,0,39
2026-10-05T15:33:19+00:00,postgres,93779dec661d,yii3-benchmarks-oxphp-classic-postgres-1,565.42,92327117,100824357274,0.09,816000000,9030000000,0,593000000,29
2026-10-05T15:33:19+00:00,valkey,def65048b5b9,yii3-benchmarks-oxphp-classic-valkey-1,31.16,5009048,100824357274,0,1200000000,2150000000,0,0,8
2026-10-05T15:33:22+00:00,oxphp-classic,8781f75a8c3d,yii3-benchmarks-oxphp-classic-oxphp-classic-1,1492.93,163787571,100824357274,0.16,11900000000,19000000000,0,0,39
2026-10-05T15:33:22+00:00,postgres,93779dec661d,yii3-benchmarks-oxphp-classic-postgres-1,565.41,91687485,100824357274,0.09,824000000,9120000000,0,593000000,29
2026-10-05T15:33:22+00:00,valkey,def65048b5b9,yii3-benchmarks-oxphp-classic-valkey-1,31.36,6753878,100824357274,0.01,1200000000,2160000000,0,0,8
2026-10-05T15:33:25+00:00,oxphp-classic,8781f75a8c3d,yii3-benchmarks-oxphp-classic-oxphp-classic-1,1491.82,162529280,100824357274,0.16,12000000000,19200000000,0,0,39
2026-10-05T15:33:25+00:00,postgres,93779dec661d,yii3-benchmarks-oxphp-classic-postgres-1,563.32,90596966,100824357274,0.09,840000000,9300000000,0,593000000,29
2026-10-05T15:33:25+00:00,valkey,def65048b5b9,yii3-benchmarks-oxphp-classic-valkey-1,31.03,5771362,100824357274,0.01,1210000000,2170000000,0,0,8
2026-10-05T15:33:28+00:00,oxphp-classic,8781f75a8c3d,yii3-benchmarks-oxphp-classic-oxphp-classic-1,1489.97,162843853,100824357274,0.16,12200000000,19500000000,0,0,39
2026-10-05T15:33:28+00:00,postgres,93779dec661d,yii3-benchmarks-oxphp-classic-postgres-1,560.34,91813315,100824357274,0.09,852000000,9430000000,0,593000000,29
2026-10-05T15:33:28+00:00,valkey,def65048b5b9,yii3-benchmarks-oxphp-classic-valkey-1,33.5,7712276,100824357274,0.01,1210000000,2170000000,0,0,8
2026-10-05T15:33:31+00:00,oxphp-classic,8781f75a8c3d,yii3-benchmarks-oxphp-classic-oxphp-classic-1,1494.89,161585562,100824357274,0.16,12300000000,19700000000,0,0,39
2026-10-05T15:33:31+00:00,postgres,93779dec661d,yii3-benchmarks-oxphp-classic-postgres-1,563.84,93501522,100824357274,0.09,864000000,9560000000,0,593000000,29
2026-10-05T15:33:31+00:00,valkey,def65048b5b9,yii3-benchmarks-oxphp-classic-valkey-1,31.1,6005195,100824357274,0.01,1220000000,2180000000,0,0,8
2026-10-05T15:33:34+00:00,oxphp-classic,8781f75a8c3d,yii3-benchmarks-oxphp-classic-oxphp-classic-1,1501.09,162214707,100824357274,0.16,12500000000,20000000000,0,0,39
2026-10-05T15:33:34+00:00,postgres,93779dec661d,yii3-benchmarks-oxphp-classic-postgres-1,562.2,92882862,100824357274,0.09,876000000,9700000000,0,593000000,29
2026-10-05T15:33:34+00:00,valkey,def65048b5b9,yii3-benchmarks-oxphp-classic-valkey-1,33.55,7864320,100824357274,0.01,1220000000,2190000000,0,0,8
2026-10-05T15:33:37+00:00,oxphp-classic,8781f75a8c3d,yii3-benchmarks-oxphp-classic-oxphp-classic-1,1496.05,162634138,100824357274,0.16,12500000000,20100000000,0,0,39
2026-10-05T15:33:37+00:00,postgres,93779dec661d,yii3-benchmarks-oxphp-classic-postgres-1,565.63,93491036,100824357274,0.09,888000000,9830000000,0,593000000,29
2026-10-05T15:33:37+00:00,valkey,def65048b5b9,yii3-benchmarks-oxphp-classic-valkey-1,31.06,6274679,100824357274,0.01,1230000000,2200000000,0,0,8
2026-10-05T15:33:40+00:00,oxphp-classic,8781f75a8c3d,yii3-benchmarks-oxphp-classic-oxphp-classic-1,1488.31,159488410,100824357274,0.16,12700000000,20400000000,0,0,39
2026-10-05T15:33:40+00:00,postgres,93779dec661d,yii3-benchmarks-oxphp-classic-postgres-1,371.78,92945777,100824357274,0.09,894000000,9900000000,0,593000000,29
2026-10-05T15:33:40+00:00,valkey,def65048b5b9,yii3-benchmarks-oxphp-classic-valkey-1,30.67,5492441,100824357274,0.01,1230000000,2210000000,0,0,8
2026-10-05T15:33:43+00:00,oxphp-classic,8781f75a8c3d,yii3-benchmarks-oxphp-classic-oxphp-classic-1,1494.78,160117555,100824357274,0.16,12900000000,20700000000,0,0,39
2026-10-05T15:33:43+00:00,postgres,93779dec661d,yii3-benchmarks-oxphp-classic-postgres-1,566.12,91383398,100824357274,0.09,910000000,10100000000,0,593000000,29
2026-10-05T15:33:43+00:00,valkey,def65048b5b9,yii3-benchmarks-oxphp-classic-valkey-1,31.17,5783945,100824357274,0.01,1230000000,2210000000,0,0,8
2026-10-05T15:33:46+00:00,oxphp-classic,8781f75a8c3d,yii3-benchmarks-oxphp-classic-oxphp-classic-1,1492.1,159593267,100824357274,0.16,13000000000,20900000000,0,0,39
2026-10-05T15:33:46+00:00,postgres,93779dec661d,yii3-benchmarks-oxphp-classic-postgres-1,562.57,92767519,100824357274,0.09,922000000,10200000000,0,593000000,29
2026-10-05T15:33:46+00:00,valkey,def65048b5b9,yii3-benchmarks-oxphp-classic-valkey-1,33.63,6439305,100824357274,0.01,1240000000,2220000000,0,0,8
2026-10-05T15:33:49+00:00,oxphp-classic,8781f75a8c3d,yii3-benchmarks-oxphp-classic-oxphp-classic-1,1489.93,160851558,100824357274,0.16,13100000000,21100000000,0,0,39
2026-10-05T15:33:49+00:00,postgres,93779dec661d,yii3-benchmarks-oxphp-classic-postgres-1,564.49,92411003,100824357274,0.09,934000000,10300000000,0,593000000,29
2026-10-05T15:33:49+00:00,valkey,def65048b5b9,yii3-benchmarks-oxphp-classic-valkey-1,33.02,6938427,100824357274,0.01,1240000000,2230000000,0,0,8
2026-10-05T15:33:52+00:00,oxphp-classic,8781f75a8c3d,yii3-benchmarks-oxphp-classic-oxphp-classic-1,1494,161375846,100824357274,0.16,13300000000,21400000000,0,0,39
2026-10-05T15:33:52+00:00,postgres,93779dec661d,yii3-benchmarks-oxphp-classic-postgres-1,561.98,93784637,100824357274,0.09,942000000,10400000000,0,593000000,29
2026-10-05T15:33:52+00:00,valkey,def65048b5b9,yii3-benchmarks-oxphp-classic-valkey-1,31.41,5279580,100824357274,0.01,1250000000,2240000000,0,0,8
2026-10-05T15:33:55+00:00,oxphp-classic,8781f75a8c3d,yii3-benchmarks-oxphp-classic-oxphp-classic-1,1497.19,159802982,100824357274,0.16,13400000000,21600000000,0,0,39
2026-10-05T15:33:55+00:00,postgres,93779dec661d,yii3-benchmarks-oxphp-classic-postgres-1,565.75,93407150,100824357274,0.09,958000000,10600000000,0,593000000,29
2026-10-05T15:33:55+00:00,valkey,def65048b5b9,yii3-benchmarks-oxphp-classic-valkey-1,31.1,6005195,100824357274,0.01,1250000000,2250000000,0,0,8
2026-10-05T15:33:58+00:00,oxphp-classic,8781f75a8c3d,yii3-benchmarks-oxphp-classic-oxphp-classic-1,1492.11,160432128,100824357274,0.16,13600000000,21900000000,0,0,39
2026-10-05T15:33:58+00:00,postgres,93779dec661d,yii3-benchmarks-oxphp-classic-postgres-1,563.37,91813315,100824357274,0.09,970000000,10700000000,0,593000000,29
2026-10-05T15:33:58+00:00,valkey,def65048b5b9,yii3-benchmarks-oxphp-classic-valkey-1,33.79,6512706,100824357274,0.01,1260000000,2250000000,0,0,8
2026-10-05T15:34:01+00:00,oxphp-classic,8781f75a8c3d,yii3-benchmarks-oxphp-classic-oxphp-classic-1,1488.69,161585562,100824357274,0.16,13700000000,22100000000,0,0,39
2026-10-05T15:34:01+00:00,postgres,93779dec661d,yii3-benchmarks-oxphp-classic-postgres-1,562.61,90313851,100824357274,0.09,978000000,10800000000,0,593000000,29
2026-10-05T15:34:01+00:00,valkey,def65048b5b9,yii3-benchmarks-oxphp-classic-valkey-1,31.9,10622075,100824357274,0.01,1260000000,2260000000,0,0,14
2026-10-05T15:34:04+00:00,oxphp-classic,8781f75a8c3d,yii3-benchmarks-oxphp-classic-oxphp-classic-1,1492.86,160956416,100824357274,0.16,13900000000,22400000000,0,0,39
2026-10-05T15:34:04+00:00,postgres,93779dec661d,yii3-benchmarks-oxphp-classic-postgres-1,564.36,91855258,100824357274,0.09,990000000,11000000000,0,593000000,29
2026-10-05T15:34:04+00:00,valkey,def65048b5b9,yii3-benchmarks-oxphp-classic-valkey-1,33.02,5259657,100824357274,0.01,1270000000,2270000000,0,0,8
2026-10-05T15:34:07+00:00,oxphp-classic,8781f75a8c3d,yii3-benchmarks-oxphp-classic-oxphp-classic-1,1491.62,160536986,100824357274,0.16,14000000000,22500000000,0,0,39
2026-10-05T15:34:07+00:00,postgres,93779dec661d,yii3-benchmarks-oxphp-classic-postgres-1,565.5,92023030,100824357274,0.09,1010000000,11100000000,0,593000000,29
2026-10-05T15:34:07+00:00,valkey,def65048b5b9,yii3-benchmarks-oxphp-classic-valkey-1,30.84,5247074,100824357274,0.01,1270000000,2280000000,0,0,8
2026-10-05T15:34:10+00:00,oxphp-classic,8781f75a8c3d,yii3-benchmarks-oxphp-classic-oxphp-classic-1,976.28,161166131,100824357274,0.16,14100000000,22700000000,0,0,39
2026-10-05T15:34:10+00:00,postgres,93779dec661d,yii3-benchmarks-oxphp-classic-postgres-1,562.88,91771372,100824357274,0.09,1020000000,11300000000,0,593000000,29
2026-10-05T15:34:10+00:00,valkey,def65048b5b9,yii3-benchmarks-oxphp-classic-valkey-1,33.03,5271192,100824357274,0.01,1270000000,2290000000,0,0,8
2026-10-05T15:34:13+00:00,oxphp-classic,8781f75a8c3d,yii3-benchmarks-oxphp-classic-oxphp-classic-1,1492.68,161061274,100824357274,0.16,14300000000,23100000000,0,0,39
2026-10-05T15:34:13+00:00,postgres,93779dec661d,yii3-benchmarks-oxphp-classic-postgres-1,566.19,92515860,100824357274,0.09,1030000000,11400000000,0,593000000,29
2026-10-05T15:34:13+00:00,valkey,def65048b5b9,yii3-benchmarks-oxphp-classic-valkey-1,32.9,5242880,100824357274,0.01,1280000000,2290000000,0,0,8
2026-10-05T15:34:16+00:00,oxphp-classic,8781f75a8c3d,yii3-benchmarks-oxphp-classic-oxphp-classic-1,1488.8,162109850,100824357274,0.16,14400000000,23300000000,0,0,39
2026-10-05T15:34:16+00:00,postgres,93779dec661d,yii3-benchmarks-oxphp-classic-postgres-1,562.53,92106916,100824357274,0.09,1040000000,11500000000,0,593000000,29
2026-10-05T15:34:16+00:00,valkey,def65048b5b9,yii3-benchmarks-oxphp-classic-valkey-1,30.9,6008340,100824357274,0.01,1280000000,2300000000,0,0,8
2026-10-05T15:34:19+00:00,oxphp-classic,8781f75a8c3d,yii3-benchmarks-oxphp-classic-oxphp-classic-1,1492.44,161061274,100824357274,0.16,14600000000,23500000000,0,0,39
2026-10-05T15:34:19+00:00,postgres,93779dec661d,yii3-benchmarks-oxphp-classic-postgres-1,566.23,93124035,100824357274,0.09,1050000000,11700000000,0,593000000,29
2026-10-05T15:34:19+00:00,valkey,def65048b5b9,yii3-benchmarks-oxphp-classic-valkey-1,33.18,6020923,100824357274,0.01,1290000000,2310000000,0,0,8
2026-10-05T15:34:22+00:00,oxphp-classic,8781f75a8c3d,yii3-benchmarks-oxphp-classic-oxphp-classic-1,1488.93,159383552,100824357274,0.16,14700000000,23800000000,0,0,39
2026-10-05T15:34:22+00:00,postgres,93779dec661d,yii3-benchmarks-oxphp-classic-postgres-1,561.36,91299512,100824357274,0.09,1060000000,11800000000,0,593000000,29
2026-10-05T15:34:22+00:00,valkey,def65048b5b9,yii3-benchmarks-oxphp-classic-valkey-1,31.37,5767168,100824357274,0.01,1290000000,2320000000,0,0,8
2026-10-05T15:34:25+00:00,oxphp-classic,8781f75a8c3d,yii3-benchmarks-oxphp-classic-oxphp-classic-1,1491.38,160222413,100824357274,0.16,14900000000,24000000000,0,0,39
2026-10-05T15:34:25+00:00,postgres,93779dec661d,yii3-benchmarks-oxphp-classic-postgres-1,564.95,92673147,100824357274,0.09,1080000000,11900000000,0,593000000,29
2026-10-05T15:34:25+00:00,valkey,def65048b5b9,yii3-benchmarks-oxphp-classic-valkey-1,33.4,6897533,100824357274,0.01,1300000000,2320000000,0,0,8
2026-10-05T15:34:28+00:00,oxphp-classic,8781f75a8c3d,yii3-benchmarks-oxphp-classic-oxphp-classic-1,1496.05,159488410,100824357274,0.16,15000000000,24300000000,0,0,39
2026-10-05T15:34:28+00:00,postgres,93779dec661d,yii3-benchmarks-oxphp-classic-postgres-1,564.8,91320484,100824357274,0.09,1090000000,12000000000,0,593000000,29
2026-10-05T15:34:28+00:00,valkey,def65048b5b9,yii3-benchmarks-oxphp-classic-valkey-1,31.39,6750732,100824357274,0.01,1300000000,2330000000,0,0,8
2026-10-05T15:34:31+00:00,oxphp-classic,8781f75a8c3d,yii3-benchmarks-oxphp-classic-oxphp-classic-1,1482.01,159698125,100824357274,0.16,15100000000,24400000000,0,0,39
2026-10-05T15:34:31+00:00,postgres,93779dec661d,yii3-benchmarks-oxphp-classic-postgres-1,554.16,93973381,100824357274,0.09,1100000000,12200000000,0,593000000,29
2026-10-05T15:34:31+00:00,valkey,def65048b5b9,yii3-benchmarks-oxphp-classic-valkey-1,30.66,4989125,100824357274,0,1310000000,2340000000,0,0,8
2026-10-05T15:34:35+00:00,oxphp-classic,8781f75a8c3d,yii3-benchmarks-oxphp-classic-oxphp-classic-1,1494.69,159802982,100824357274,0.16,15300000000,24800000000,0,0,39
2026-10-05T15:34:35+00:00,postgres,93779dec661d,yii3-benchmarks-oxphp-classic-postgres-1,562.35,93564436,100824357274,0.09,1110000000,12300000000,0,593000000,29
2026-10-05T15:34:35+00:00,valkey,def65048b5b9,yii3-benchmarks-oxphp-classic-valkey-1,31.18,6770655,100824357274,0.01,1310000000,2350000000,0,0,8
2026-10-05T15:34:38+00:00,oxphp-classic,8781f75a8c3d,yii3-benchmarks-oxphp-classic-oxphp-classic-1,1489.96,159802982,100824357274,0.16,15400000000,25000000000,0,0,39
2026-10-05T15:34:38+00:00,postgres,93779dec661d,yii3-benchmarks-oxphp-classic-postgres-1,565.77,92568289,100824357274,0.09,1120000000,12400000000,0,593000000,29
2026-10-05T15:34:38+00:00,valkey,def65048b5b9,yii3-benchmarks-oxphp-classic-valkey-1,33.11,5263852,100824357274,0.01,1310000000,2360000000,0,0,8
2026-10-05T15:34:41+00:00,oxphp-classic,8781f75a8c3d,yii3-benchmarks-oxphp-classic-oxphp-classic-1,1491.06,160956416,100824357274,0.16,15600000000,25200000000,0,0,39
2026-10-05T15:34:41+00:00,postgres,93779dec661d,yii3-benchmarks-oxphp-classic-postgres-1,562.93,94088724,100824357274,0.09,1130000000,12600000000,0,593000000,29
2026-10-05T15:34:41+00:00,valkey,def65048b5b9,yii3-benchmarks-oxphp-classic-valkey-1,20.74,6222250,100824357274,0.01,1320000000,2360000000,0,0,8
2026-10-05T15:34:44+00:00,oxphp-classic,8781f75a8c3d,yii3-benchmarks-oxphp-classic-oxphp-classic-1,1487.81,161585562,100824357274,0.16,15700000000,25500000000,0,0,39
2026-10-05T15:34:44+00:00,postgres,93779dec661d,yii3-benchmarks-oxphp-classic-postgres-1,566.49,91100283,100824357274,0.09,1150000000,12700000000,0,593000000,29
2026-10-05T15:34:44+00:00,valkey,def65048b5b9,yii3-benchmarks-oxphp-classic-valkey-1,33.32,6033506,100824357274,0.01,1320000000,2370000000,0,0,8
2026-10-05T15:34:47+00:00,oxphp-classic,8781f75a8c3d,yii3-benchmarks-oxphp-classic-oxphp-classic-1,1492.29,160641843,100824357274,0.16,15800000000,25700000000,0,0,39
2026-10-05T15:34:47+00:00,postgres,93779dec661d,yii3-benchmarks-oxphp-classic-postgres-1,564.57,92631204,100824357274,0.09,1160000000,12800000000,0,593000000,29
2026-10-05T15:34:47+00:00,valkey,def65048b5b9,yii3-benchmarks-oxphp-classic-valkey-1,30.97,6525288,100824357274,0.01,1330000000,2380000000,0,0,8
2026-10-05T15:34:50+00:00,oxphp-classic,8781f75a8c3d,yii3-benchmarks-oxphp-classic-oxphp-classic-1,1490.65,161270989,100824357274,0.16,16000000000,25900000000,0,0,39
2026-10-05T15:34:50+00:00,postgres,93779dec661d,yii3-benchmarks-oxphp-classic-postgres-1,563.23,91813315,100824357274,0.09,1170000000,12900000000,0,593000000,29
2026-10-05T15:34:50+00:00,valkey,def65048b5b9,yii3-benchmarks-oxphp-classic-valkey-1,30.92,7275020,100824357274,0.01,1330000000,2390000000,0,0,8
2026-10-05T15:34:53+00:00,oxphp-classic,8781f75a8c3d,yii3-benchmarks-oxphp-classic-oxphp-classic-1,1492.27,161375846,100824357274,0.16,16100000000,26200000000,0,0,39
2026-10-05T15:34:53+00:00,postgres,93779dec661d,yii3-benchmarks-oxphp-classic-postgres-1,562.23,92589261,100824357274,0.09,1180000000,13100000000,0,593000000,29
2026-10-05T15:34:53+00:00,valkey,def65048b5b9,yii3-benchmarks-oxphp-classic-valkey-1,31.21,6258950,100824357274,0.01,1330000000,2390000000,0,0,8
2026-10-05T15:34:56+00:00,oxphp-classic,8781f75a8c3d,yii3-benchmarks-oxphp-classic-oxphp-classic-1,1487.69,160327270,100824357274,0.16,16300000000,26400000000,0,0,39
2026-10-05T15:34:56+00:00,postgres,93779dec661d,yii3-benchmarks-oxphp-classic-postgres-1,563.39,89579848,100824357274,0.09,1190000000,13200000000,0,593000000,29
2026-10-05T15:34:56+00:00,valkey,def65048b5b9,yii3-benchmarks-oxphp-classic-valkey-1,33.59,6336545,100824357274,0.01,1340000000,2400000000,0,0,8
2026-10-05T15:34:59+00:00,oxphp-classic,8781f75a8c3d,yii3-benchmarks-oxphp-classic-oxphp-classic-1,1489.74,161061274,100824357274,0.16,16400000000,26700000000,0,0,39
2026-10-05T15:34:59+00:00,postgres,93779dec661d,yii3-benchmarks-oxphp-classic-postgres-1,563,92421489,100824357274,0.09,1210000000,13400000000,0,593000000,29
2026-10-05T15:34:59+00:00,valkey,def65048b5b9,yii3-benchmarks-oxphp-classic-valkey-1,30.97,5754585,100824357274,0.01,1340000000,2410000000,0,0,8
2026-10-05T15:35:02+00:00,oxphp-classic,8781f75a8c3d,yii3-benchmarks-oxphp-classic-oxphp-classic-1,1491.56,161375846,100824357274,0.16,16500000000,26800000000,0,0,39
2026-10-05T15:35:02+00:00,postgres,93779dec661d,yii3-benchmarks-oxphp-classic-postgres-1,561.55,94067753,100824357274,0.09,1210000000,13400000000,0,593000000,29
2026-10-05T15:35:02+00:00,valkey,def65048b5b9,yii3-benchmarks-oxphp-classic-valkey-1,30.98,6270484,100824357274,0.01,1350000000,2420000000,0,0,8
2026-10-05T15:35:05+00:00,oxphp-classic,8781f75a8c3d,yii3-benchmarks-oxphp-classic-oxphp-classic-1,1485.64,161585562,100824357274,0.16,16700000000,27200000000,0,0,39
2026-10-05T15:35:05+00:00,postgres,93779dec661d,yii3-benchmarks-oxphp-classic-postgres-1,561.85,92945777,100824357274,0.09,1230000000,13600000000,0,593000000,29
2026-10-05T15:35:05+00:00,valkey,def65048b5b9,yii3-benchmarks-oxphp-classic-valkey-1,31.09,5509218,100824357274,0.01,1350000000,2430000000,0,0,8
2026-10-05T15:35:08+00:00,oxphp-classic,8781f75a8c3d,yii3-benchmarks-oxphp-classic-oxphp-classic-1,1489.11,160432128,100824357274,0.16,16800000000,27400000000,0,0,39
2026-10-05T15:35:08+00:00,postgres,93779dec661d,yii3-benchmarks-oxphp-classic-postgres-1,564.72,91960115,100824357274,0.09,1240000000,13800000000,0,593000000,29
2026-10-05T15:35:08+00:00,valkey,def65048b5b9,yii3-benchmarks-oxphp-classic-valkey-1,33.42,6258950,100824357274,0.01,1360000000,2430000000,0,0,8
2026-10-05T15:35:11+00:00,oxphp-classic,8781f75a8c3d,yii3-benchmarks-oxphp-classic-oxphp-classic-1,1486.31,161480704,100824357274,0.16,17000000000,27600000000,0,0,39
2026-10-05T15:35:11+00:00,postgres,93779dec661d,yii3-benchmarks-oxphp-classic-postgres-1,563.27,91005911,100824357274,0.09,1250000000,13900000000,0,593000000,29
2026-10-05T15:35:11+00:00,valkey,def65048b5b9,yii3-benchmarks-oxphp-classic-valkey-1,20.49,9776923,100824357274,0.01,1360000000,2440000000,0,0,8
2026-10-05T15:35:14+00:00,oxphp-classic,8781f75a8c3d,yii3-benchmarks-oxphp-classic-oxphp-classic-1,1489.57,161690419,100824357274,0.16,17100000000,27800000000,0,0,39
2026-10-05T15:35:14+00:00,postgres,93779dec661d,yii3-benchmarks-oxphp-classic-postgres-1,567.56,92757033,100824357274,0.09,1260000000,14000000000,0,593000000,29
2026-10-05T15:35:14+00:00,valkey,def65048b5b9,yii3-benchmarks-oxphp-classic-valkey-1,33.01,4989125,100824357274,0,1370000000,2450000000,0,0,8
2026-10-05T15:35:17+00:00,oxphp-classic,8781f75a8c3d,yii3-benchmarks-oxphp-classic-oxphp-classic-1,1492.02,160746701,100824357274,0.16,17300000000,28100000000,0,0,39
2026-10-05T15:35:17+00:00,postgres,93779dec661d,yii3-benchmarks-oxphp-classic-postgres-1,565.31,91351941,100824357274,0.09,1280000000,14100000000,0,593000000,29
2026-10-05T15:35:17+00:00,valkey,def65048b5b9,yii3-benchmarks-oxphp-classic-valkey-1,31.04,4984930,100824357274,0,1370000000,2460000000,0,0,8
2026-10-05T15:35:20+00:00,oxphp-classic,8781f75a8c3d,yii3-benchmarks-oxphp-classic-oxphp-classic-1,1493.96,162109850,100824357274,0.16,17400000000,28300000000,0,0,39
2026-10-05T15:35:20+00:00,postgres,93779dec661d,yii3-benchmarks-oxphp-classic-postgres-1,566.97,93459579,100824357274,0.09,1280000000,14200000000,0,593000000,29
2026-10-05T15:35:20+00:00,valkey,def65048b5b9,yii3-benchmarks-oxphp-classic-valkey-1,31.04,5509218,100824357274,0.01,1380000000,2470000000,0,0,8
2026-10-05T15:35:23+00:00,oxphp-classic,8781f75a8c3d,yii3-benchmarks-oxphp-classic-oxphp-classic-1,1487.83,161480704,100824357274,0.16,17500000000,28500000000,0,0,39
2026-10-05T15:35:23+00:00,postgres,93779dec661d,yii3-benchmarks-oxphp-classic-postgres-1,562.46,92075459,100824357274,0.09,1300000000,14400000000,0,593000000,29
2026-10-05T15:35:23+00:00,valkey,def65048b5b9,yii3-benchmarks-oxphp-classic-valkey-1,33.31,6287262,100824357274,0.01,1380000000,2480000000,0,0,8
2026-10-05T15:35:26+00:00,oxphp-classic,8781f75a8c3d,yii3-benchmarks-oxphp-classic-oxphp-classic-1,1488.49,160432128,100824357274,0.16,17700000000,28800000000,0,0,39
2026-10-05T15:35:26+00:00,postgres,93779dec661d,yii3-benchmarks-oxphp-classic-postgres-1,563.15,94109696,100824357274,0.09,1310000000,14500000000,0,593000000,29
2026-10-05T15:35:26+00:00,valkey,def65048b5b9,yii3-benchmarks-oxphp-classic-valkey-1,32.98,6029312,100824357274,0.01,1380000000,2480000000,0,0,8
2026-10-05T15:35:29+00:00,oxphp-classic,8781f75a8c3d,yii3-benchmarks-oxphp-classic-oxphp-classic-1,1490.67,160536986,100824357274,0.16,17800000000,29100000000,0,0,39
2026-10-05T15:35:29+00:00,postgres,93779dec661d,yii3-benchmarks-oxphp-classic-postgres-1,566.64,91582628,100824357274,0.09,1320000000,14700000000,0,593000000,29
2026-10-05T15:35:29+00:00,valkey,def65048b5b9,yii3-benchmarks-oxphp-classic-valkey-1,30.8,4989125,100824357274,0,1390000000,2490000000,0,0,8
2026-10-05T15:35:32+00:00,oxphp-classic,8781f75a8c3d,yii3-benchmarks-oxphp-classic-oxphp-classic-1,1491.78,160851558,100824357274,0.16,18000000000,29300000000,0,0,39
2026-10-05T15:35:32+00:00,postgres,93779dec661d,yii3-benchmarks-oxphp-classic-postgres-1,563.47,92253716,100824357274,0.09,1340000000,14800000000,0,593000000,29
2026-10-05T15:35:32+00:00,valkey,def65048b5b9,yii3-benchmarks-oxphp-classic-valkey-1,33.1,6381634,100824357274,0.01,1390000000,2500000000,0,0,8
2026-10-05T15:35:35+00:00,oxphp-classic,8781f75a8c3d,yii3-benchmarks-oxphp-classic-oxphp-classic-1,1492.64,161061274,100824357274,0.16,18100000000,29600000000,0,0,39
2026-10-05T15:35:35+00:00,postgres,93779dec661d,yii3-benchmarks-oxphp-classic-postgres-1,565.83,95305073,100824357274,0.09,1350000000,14900000000,0,593000000,29
2026-10-05T15:35:35+00:00,valkey,def65048b5b9,yii3-benchmarks-oxphp-classic-valkey-1,31.17,5484052,100824357274,0.01,1400000000,2510000000,0,0,8
2026-10-05T15:35:38+00:00,oxphp-classic,8781f75a8c3d,yii3-benchmarks-oxphp-classic-oxphp-classic-1,1485.86,160746701,100824357274,0.16,18200000000,29700000000,0,0,39
2026-10-05T15:35:38+00:00,postgres,93779dec661d,yii3-benchmarks-oxphp-classic-postgres-1,562.86,91498742,100824357274,0.09,1360000000,15100000000,0,593000000,29
2026-10-05T15:35:38+00:00,valkey,def65048b5b9,yii3-benchmarks-oxphp-classic-valkey-1,31.12,7254049,100824357274,0.01,1400000000,2520000000,0,0,8
2026-10-05T15:35:41+00:00,oxphp-classic,8781f75a8c3d,yii3-benchmarks-oxphp-classic-oxphp-classic-1,1008.4,154874675,100824357274,0.15,18300000000,29900000000,0,0,39
2026-10-05T15:35:41+00:00,postgres,93779dec661d,yii3-benchmarks-oxphp-classic-postgres-1,553.18,91435827,100824357274,0.09,1370000000,15200000000,0,593000000,29
2026-10-05T15:35:41+00:00,valkey,def65048b5b9,yii3-benchmarks-oxphp-classic-valkey-1,32.57,5247074,100824357274,0.01,1410000000,2520000000,0,0,8
2026-10-05T15:35:44+00:00,oxphp-classic,8781f75a8c3d,yii3-benchmarks-oxphp-classic-oxphp-classic-1,1488.39,161690419,100824357274,0.16,18500000000,30200000000,0,0,39
2026-10-05T15:35:44+00:00,postgres,93779dec661d,yii3-benchmarks-oxphp-classic-postgres-1,564.08,91488256,100824357274,0.09,1380000000,15300000000,0,593000000,29
2026-10-05T15:35:44+00:00,valkey,def65048b5b9,yii3-benchmarks-oxphp-classic-valkey-1,30.96,6770655,100824357274,0.01,1410000000,2530000000,0,0,8
2026-10-05T15:35:47+00:00,oxphp-classic,8781f75a8c3d,yii3-benchmarks-oxphp-classic-oxphp-classic-1,1488.99,160641843,100824357274,0.16,18700000000,30500000000,0,0,39
2026-10-05T15:35:47+00:00,postgres,93779dec661d,yii3-benchmarks-oxphp-classic-postgres-1,566.89,91519713,100824357274,0.09,1390000000,15400000000,0,593000000,29
2026-10-05T15:35:47+00:00,valkey,def65048b5b9,yii3-benchmarks-oxphp-classic-valkey-1,31.08,7008682,100824357274,0.01,1410000000,2540000000,0,0,8
2026-10-05T15:35:50+00:00,oxphp-classic,8781f75a8c3d,yii3-benchmarks-oxphp-classic-oxphp-classic-1,1493.21,160956416,100824357274,0.16,18800000000,30700000000,0,0,39
2026-10-05T15:35:50+00:00,postgres,93779dec661d,yii3-benchmarks-oxphp-classic-postgres-1,563.2,93470065,100824357274,0.09,1410000000,15600000000,0,593000000,29
2026-10-05T15:35:50+00:00,valkey,def65048b5b9,yii3-benchmarks-oxphp-classic-valkey-1,33.43,6057624,100824357274,0.01,1420000000,2540000000,0,0,8
2026-10-05T15:35:53+00:00,oxphp-classic,8781f75a8c3d,yii3-benchmarks-oxphp-classic-oxphp-classic-1,1487.63,161900134,100824357274,0.16,19000000000,31000000000,0,0,39
2026-10-05T15:35:53+00:00,postgres,93779dec661d,yii3-benchmarks-oxphp-classic-postgres-1,562.26,92987720,100824357274,0.09,1410000000,15700000000,0,593000000,29
2026-10-05T15:35:53+00:00,valkey,def65048b5b9,yii3-benchmarks-oxphp-classic-valkey-1,33.55,4235198,100824357274,0,1420000000,2550000000,0,0,8
2026-10-05T15:35:56+00:00,oxphp-classic,8781f75a8c3d,yii3-benchmarks-oxphp-classic-oxphp-classic-1,1490.99,161585562,100824357274,0.16,19100000000,31200000000,0,0,39
2026-10-05T15:35:56+00:00,postgres,93779dec661d,yii3-benchmarks-oxphp-classic-postgres-1,566.38,90859110,100824357274,0.09,1430000000,15800000000,0,593000000,29
2026-10-05T15:35:56+00:00,valkey,def65048b5b9,yii3-benchmarks-oxphp-classic-valkey-1,30.79,5492441,100824357274,0.01,1430000000,2560000000,0,0,8
2026-10-05T15:35:59+00:00,oxphp-classic,8781f75a8c3d,yii3-benchmarks-oxphp-classic-oxphp-classic-1,1492.19,160746701,100824357274,0.16,19300000000,31500000000,0,0,39
2026-10-05T15:35:59+00:00,postgres,93779dec661d,yii3-benchmarks-oxphp-classic-postgres-1,564.66,93994353,100824357274,0.09,1440000000,15900000000,0,593000000,29
2026-10-05T15:35:59+00:00,valkey,def65048b5b9,yii3-benchmarks-oxphp-classic-valkey-1,33.36,5726274,100824357274,0.01,1430000000,2570000000,0,0,8
2026-10-05T15:36:02+00:00,oxphp-classic,8781f75a8c3d,yii3-benchmarks-oxphp-classic-oxphp-classic-1,1493.77,161795277,100824357274,0.16,19400000000,31700000000,0,0,39
2026-10-05T15:36:02+00:00,postgres,93779dec661d,yii3-benchmarks-oxphp-classic-postgres-1,566.43,92966748,100824357274,0.09,1450000000,16100000000,0,593000000,29
2026-10-05T15:36:02+00:00,valkey,def65048b5b9,yii3-benchmarks-oxphp-classic-valkey-1,31.09,6016729,100824357274,0.01,1440000000,2580000000,0,0,8
2026-10-05T15:36:05+00:00,oxphp-classic,8781f75a8c3d,yii3-benchmarks-oxphp-classic-oxphp-classic-1,1494.92,161480704,100824357274,0.16,19500000000,32000000000,0,0,39
2026-10-05T15:36:05+00:00,postgres,93779dec661d,yii3-benchmarks-oxphp-classic-postgres-1,568.06,92945777,100824357274,0.09,1470000000,16200000000,0,593000000,29
2026-10-05T15:36:05+00:00,valkey,def65048b5b9,yii3-benchmarks-oxphp-classic-valkey-1,30.99,5996806,100824357274,0.01,1440000000,2580000000,0,0,8
2026-10-05T15:36:08+00:00,oxphp-classic,8781f75a8c3d,yii3-benchmarks-oxphp-classic-oxphp-classic-1,1503.46,161900134,100824357274,0.16,19700000000,32200000000,0,0,39
2026-10-05T15:36:08+00:00,postgres,93779dec661d,yii3-benchmarks-oxphp-classic-postgres-1,564.87,91152712,100824357274,0.09,1470000000,16300000000,0,593000000,29
2026-10-05T15:36:08+00:00,valkey,def65048b5b9,yii3-benchmarks-oxphp-classic-valkey-1,31.13,5525996,100824357274,0.01,1450000000,2590000000,0,0,8
