timestamp_utc,client_connections_including_monitor,max_connections
2026-10-07T15:29:14.146298+00:00,1,2000
2026-10-07T15:29:44.208607+00:00,1,2000
2026-10-07T15:30:14.271280+00:00,1,2000
2026-10-07T15:30:44.325306+00:00,1,2000
2026-10-07T15:31:14.382477+00:00,1,2000
2026-10-07T15:31:44.440667+00:00,1,2000
2026-10-07T15:32:14.500072+00:00,1,2000
2026-10-07T15:32:44.562923+00:00,1,2000
2026-10-07T15:33:14.632781+00:00,1,2000
2026-10-07T15:33:44.697173+00:00,1,2000
2026-10-07T15:34:14.763744+00:00,1,2000
2026-10-07T15:34:44.839699+00:00,1,2000
2026-10-07T15:35:14.920257+00:00,1,2000
2026-10-07T15:35:45.012207+00:00,1,2000
2026-10-07T15:36:15.110889+00:00,1,2000
2026-10-07T15:36:45.186851+00:00,21,2000
2026-10-07T15:37:15.247165+00:00,21,2000
2026-10-07T15:37:45.316786+00:00,21,2000
2026-10-07T15:38:15.397009+00:00,21,2000
2026-10-07T15:38:45.486800+00:00,21,2000
2026-10-07T15:39:15.573568+00:00,21,2000
2026-10-07T15:39:45.659000+00:00,21,2000
2026-10-07T15:40:15.746848+00:00,21,2000
2026-10-07T15:40:45.836664+00:00,21,2000
2026-10-07T15:41:15.923023+00:00,21,2000
2026-10-07T15:41:46.007095+00:00,21,2000
2026-10-07T15:42:16.089843+00:00,21,2000
2026-10-07T15:42:46.180446+00:00,21,2000
