2026-10-08T08:24:26.740336+00:00,apache-mod-php,9
2026-10-08T08:24:46.828942+00:00,apache-mod-php,9
2026-10-08T08:25:06.924718+00:00,apache-mod-php,9
2026-10-08T08:25:27.035326+00:00,apache-mod-php,9
2026-10-08T08:25:47.135246+00:00,apache-mod-php,9
2026-10-08T08:26:07.255167+00:00,apache-mod-php,9
2026-10-08T08:26:27.379479+00:00,apache-mod-php,9
2026-10-08T08:26:47.508428+00:00,apache-mod-php,9
2026-10-08T08:27:07.635209+00:00,apache-mod-php,9
2026-10-08T08:27:27.764926+00:00,apache-mod-php,9
2026-10-08T08:27:47.892768+00:00,apache-mod-php,9
2026-10-08T08:28:08.021330+00:00,apache-mod-php,9
2026-10-08T08:28:28.147050+00:00,apache-mod-php,9
2026-10-08T08:28:48.278839+00:00,apache-mod-php,9
2026-10-08T08:29:08.406314+00:00,apache-mod-php,9
2026-10-08T08:29:28.532295+00:00,apache-mod-php,9
2026-10-08T08:29:48.662714+00:00,apache-mod-php,9
2026-10-08T08:30:08.789298+00:00,apache-mod-php,9
2026-10-08T08:30:28.915322+00:00,apache-mod-php,9
2026-10-08T08:30:49.040763+00:00,apache-mod-php,9
2026-10-08T08:31:09.136073+00:00,apache-mod-php,29
2026-10-08T08:31:29.234032+00:00,apache-mod-php,29
2026-10-08T08:31:49.493340+00:00,apache-mod-php,29
2026-10-08T08:32:09.658137+00:00,apache-mod-php,29
2026-10-08T08:32:29.813378+00:00,apache-mod-php,29
2026-10-08T08:32:50.158422+00:00,apache-mod-php,28
2026-10-08T08:33:10.616630+00:00,apache-mod-php,29
2026-10-08T08:33:30.797414+00:00,apache-mod-php,28
2026-10-08T08:33:51.123332+00:00,apache-mod-php,29
2026-10-08T08:34:11.633795+00:00,apache-mod-php,29
2026-10-08T08:34:31.978715+00:00,apache-mod-php,29
2026-10-08T08:34:52.232330+00:00,apache-mod-php,29
2026-10-08T08:35:12.651851+00:00,apache-mod-php,28
2026-10-08T08:35:33.015350+00:00,apache-mod-php,27
2026-10-08T08:35:53.238041+00:00,apache-mod-php,29
2026-10-08T08:36:13.565679+00:00,apache-mod-php,28
2026-10-08T08:36:33.916569+00:00,apache-mod-php,28
2026-10-08T08:36:54.130864+00:00,apache-mod-php,29
2026-10-08T08:37:14.381346+00:00,apache-mod-php,29
2026-10-08T08:37:34.674626+00:00,apache-mod-php,28
2026-10-08T08:38:14.895415+00:00,workerman,9
2026-10-08T08:38:34.982469+00:00,workerman,9
2026-10-08T08:38:55.073128+00:00,workerman,9
2026-10-08T08:39:15.168827+00:00,workerman,9
2026-10-08T08:39:35.264722+00:00,workerman,9
2026-10-08T08:39:55.362732+00:00,workerman,9
2026-10-08T08:40:15.462871+00:00,workerman,9
2026-10-08T08:40:35.560546+00:00,workerman,9
2026-10-08T08:40:55.663441+00:00,workerman,9
2026-10-08T08:41:15.768362+00:00,workerman,9
2026-10-08T08:41:35.868577+00:00,workerman,9
2026-10-08T08:41:55.971575+00:00,workerman,9
2026-10-08T08:42:16.076260+00:00,workerman,9
2026-10-08T08:42:36.178842+00:00,workerman,9
2026-10-08T08:42:56.295683+00:00,workerman,9
2026-10-08T08:43:16.443083+00:00,workerman,9
2026-10-08T08:43:36.591282+00:00,workerman,9
2026-10-08T08:43:56.754346+00:00,workerman,9
2026-10-08T08:44:16.939920+00:00,workerman,9
2026-10-08T08:44:37.116510+00:00,workerman,9
2026-10-08T08:44:57.202865+00:00,workerman,28
2026-10-08T08:45:17.288030+00:00,workerman,28
2026-10-08T08:45:37.384773+00:00,workerman,28
2026-10-08T08:45:57.477181+00:00,workerman,28
2026-10-08T08:46:17.584498+00:00,workerman,28
2026-10-08T08:46:37.711100+00:00,workerman,28
2026-10-08T08:46:57.842388+00:00,workerman,29
2026-10-08T08:47:17.971433+00:00,workerman,29
2026-10-08T08:47:38.099559+00:00,workerman,29
2026-10-08T08:47:58.236674+00:00,workerman,29
2026-10-08T08:48:18.366673+00:00,workerman,29
2026-10-08T08:48:38.492320+00:00,workerman,29
2026-10-08T08:48:58.639173+00:00,workerman,29
2026-10-08T08:49:18.769899+00:00,workerman,29
2026-10-08T08:49:38.904264+00:00,workerman,29
2026-10-08T08:49:59.038676+00:00,workerman,29
2026-10-08T08:50:19.173631+00:00,workerman,29
2026-10-08T08:50:39.311086+00:00,workerman,29
2026-10-08T08:50:59.441107+00:00,workerman,29
2026-10-08T08:51:19.568078+00:00,workerman,29
