timestamp_utc,container,client_connections_including_monitor,max_connections
2026-10-05T17:58:03.200853+00:00,yii3-benchmarks-freeunit-postgres-1,1,2000
2026-10-05T17:58:33.290374+00:00,yii3-benchmarks-freeunit-postgres-1,1,2000
2026-10-05T17:59:03.381971+00:00,yii3-benchmarks-freeunit-postgres-1,1,2000
2026-10-05T17:59:33.470559+00:00,yii3-benchmarks-freeunit-postgres-1,1,2000
2026-10-05T18:00:03.564964+00:00,yii3-benchmarks-freeunit-postgres-1,1,2000
2026-10-05T18:00:33.657798+00:00,yii3-benchmarks-freeunit-postgres-1,1,2000
2026-10-05T18:01:03.746995+00:00,yii3-benchmarks-freeunit-postgres-1,1,2000
2026-10-05T18:01:33.842585+00:00,yii3-benchmarks-freeunit-postgres-1,1,2000
2026-10-05T18:02:03.935964+00:00,yii3-benchmarks-freeunit-postgres-1,1,2000
2026-10-05T18:02:34.025859+00:00,yii3-benchmarks-freeunit-postgres-1,1,2000
2026-10-05T18:03:04.118340+00:00,yii3-benchmarks-freeunit-postgres-1,1,2000
2026-10-05T18:03:34.177393+00:00,yii3-benchmarks-freeunit-postgres-1,21,2000
2026-10-05T18:04:04.261049+00:00,yii3-benchmarks-freeunit-postgres-1,21,2000
2026-10-05T18:04:34.355550+00:00,yii3-benchmarks-freeunit-postgres-1,21,2000
2026-10-05T18:05:04.446095+00:00,yii3-benchmarks-freeunit-postgres-1,21,2000
2026-10-05T18:05:34.535273+00:00,yii3-benchmarks-freeunit-postgres-1,21,2000
2026-10-05T18:06:04.625608+00:00,yii3-benchmarks-freeunit-postgres-1,21,2000
2026-10-05T18:06:34.715525+00:00,yii3-benchmarks-freeunit-postgres-1,21,2000
2026-10-05T18:07:04.808855+00:00,yii3-benchmarks-freeunit-postgres-1,21,2000
2026-10-05T18:07:34.905534+00:00,yii3-benchmarks-freeunit-postgres-1,21,2000
2026-10-05T18:08:04.998786+00:00,yii3-benchmarks-freeunit-postgres-1,21,2000
2026-10-05T18:08:35.093649+00:00,yii3-benchmarks-freeunit-postgres-1,21,2000
2026-10-05T18:09:05.190200+00:00,yii3-benchmarks-freeunit-postgres-1,21,2000
2026-10-05T18:09:35.280669+00:00,yii3-benchmarks-freeunit-postgres-1,21,2000
2026-10-05T18:10:05.340805+00:00,yii3-benchmarks-rapira-postgres-1,2,2000
2026-10-05T18:10:35.402124+00:00,yii3-benchmarks-rapira-postgres-1,1,2000
2026-10-05T18:11:05.461020+00:00,yii3-benchmarks-rapira-postgres-1,1,2000
2026-10-05T18:11:35.523155+00:00,yii3-benchmarks-rapira-postgres-1,1,2000
2026-10-05T18:12:05.586179+00:00,yii3-benchmarks-rapira-postgres-1,1,2000
2026-10-05T18:12:35.650724+00:00,yii3-benchmarks-rapira-postgres-1,1,2000
2026-10-05T18:13:05.715177+00:00,yii3-benchmarks-rapira-postgres-1,1,2000
2026-10-05T18:13:35.784567+00:00,yii3-benchmarks-rapira-postgres-1,1,2000
2026-10-05T18:14:05.854355+00:00,yii3-benchmarks-rapira-postgres-1,1,2000
2026-10-05T18:14:35.927969+00:00,yii3-benchmarks-rapira-postgres-1,1,2000
2026-10-05T18:15:06.016937+00:00,yii3-benchmarks-rapira-postgres-1,1,2000
2026-10-05T18:15:36.124475+00:00,yii3-benchmarks-rapira-postgres-1,1,2000
2026-10-05T18:16:06.228650+00:00,yii3-benchmarks-rapira-postgres-1,1,2000
2026-10-05T18:16:36.336823+00:00,yii3-benchmarks-rapira-postgres-1,1,2000
2026-10-05T18:17:06.403348+00:00,yii3-benchmarks-rapira-postgres-1,21,2000
2026-10-05T18:17:36.464793+00:00,yii3-benchmarks-rapira-postgres-1,19,2000
2026-10-05T18:18:06.531287+00:00,yii3-benchmarks-rapira-postgres-1,19,2000
2026-10-05T18:18:36.604604+00:00,yii3-benchmarks-rapira-postgres-1,20,2000
2026-10-05T18:19:06.694264+00:00,yii3-benchmarks-rapira-postgres-1,20,2000
2026-10-05T18:19:36.787745+00:00,yii3-benchmarks-rapira-postgres-1,20,2000
2026-10-05T18:20:06.878079+00:00,yii3-benchmarks-rapira-postgres-1,19,2000
2026-10-05T18:20:36.969605+00:00,yii3-benchmarks-rapira-postgres-1,20,2000
2026-10-05T18:21:07.071652+00:00,yii3-benchmarks-rapira-postgres-1,20,2000
2026-10-05T18:21:37.163550+00:00,yii3-benchmarks-rapira-postgres-1,20,2000
2026-10-05T18:22:07.255626+00:00,yii3-benchmarks-rapira-postgres-1,20,2000
2026-10-05T18:22:37.356548+00:00,yii3-benchmarks-rapira-postgres-1,20,2000
2026-10-05T18:23:07.450126+00:00,yii3-benchmarks-rapira-postgres-1,20,2000
2026-10-05T18:23:37.548486+00:00,yii3-benchmarks-rapira-postgres-1,20,2000
2026-10-05T18:24:07.614139+00:00,yii3-benchmarks-rapira-classic-postgres-1,1,2000
2026-10-05T18:24:37.680815+00:00,yii3-benchmarks-rapira-classic-postgres-1,1,2000
2026-10-05T18:25:07.756940+00:00,yii3-benchmarks-rapira-classic-postgres-1,1,2000
2026-10-05T18:25:37.844692+00:00,yii3-benchmarks-rapira-classic-postgres-1,1,2000
2026-10-05T18:26:07.928706+00:00,yii3-benchmarks-rapira-classic-postgres-1,1,2000
2026-10-05T18:26:38.020422+00:00,yii3-benchmarks-rapira-classic-postgres-1,1,2000
2026-10-05T18:27:08.107945+00:00,yii3-benchmarks-rapira-classic-postgres-1,1,2000
2026-10-05T18:27:38.193914+00:00,yii3-benchmarks-rapira-classic-postgres-1,1,2000
2026-10-05T18:28:08.284425+00:00,yii3-benchmarks-rapira-classic-postgres-1,1,2000
2026-10-05T18:28:38.378741+00:00,yii3-benchmarks-rapira-classic-postgres-1,1,2000
2026-10-05T18:29:08.474535+00:00,yii3-benchmarks-rapira-classic-postgres-1,1,2000
2026-10-05T18:29:38.566089+00:00,yii3-benchmarks-rapira-classic-postgres-1,1,2000
2026-10-05T18:30:08.659256+00:00,yii3-benchmarks-rapira-classic-postgres-1,1,2000
2026-10-05T18:30:38.717403+00:00,yii3-benchmarks-rapira-classic-postgres-1,2,2000
2026-10-05T18:31:08.781614+00:00,yii3-benchmarks-rapira-classic-postgres-1,19,2000
2026-10-05T18:31:38.856829+00:00,yii3-benchmarks-rapira-classic-postgres-1,20,2000
2026-10-05T18:32:08.933746+00:00,yii3-benchmarks-rapira-classic-postgres-1,19,2000
2026-10-05T18:32:39.022639+00:00,yii3-benchmarks-rapira-classic-postgres-1,20,2000
2026-10-05T18:33:09.110913+00:00,yii3-benchmarks-rapira-classic-postgres-1,20,2000
2026-10-05T18:33:39.199561+00:00,yii3-benchmarks-rapira-classic-postgres-1,19,2000
2026-10-05T18:34:09.289508+00:00,yii3-benchmarks-rapira-classic-postgres-1,20,2000
2026-10-05T18:34:39.378281+00:00,yii3-benchmarks-rapira-classic-postgres-1,19,2000
2026-10-05T18:35:09.466457+00:00,yii3-benchmarks-rapira-classic-postgres-1,19,2000
2026-10-05T18:35:39.556192+00:00,yii3-benchmarks-rapira-classic-postgres-1,20,2000
2026-10-05T18:36:09.644364+00:00,yii3-benchmarks-rapira-classic-postgres-1,20,2000
2026-10-05T18:36:39.735208+00:00,yii3-benchmarks-rapira-classic-postgres-1,20,2000
2026-10-05T18:37:09.823563+00:00,yii3-benchmarks-rapira-classic-postgres-1,19,2000
2026-10-05T18:37:39.885542+00:00,yii3-benchmarks-rapira-dispatcher-postgres-1,1,2000
2026-10-05T18:38:09.946278+00:00,yii3-benchmarks-rapira-dispatcher-postgres-1,1,2000
2026-10-05T18:38:40.006784+00:00,yii3-benchmarks-rapira-dispatcher-postgres-1,1,2000
2026-10-05T18:39:10.069128+00:00,yii3-benchmarks-rapira-dispatcher-postgres-1,1,2000
2026-10-05T18:39:40.131066+00:00,yii3-benchmarks-rapira-dispatcher-postgres-1,1,2000
2026-10-05T18:40:10.195582+00:00,yii3-benchmarks-rapira-dispatcher-postgres-1,1,2000
2026-10-05T18:40:40.261666+00:00,yii3-benchmarks-rapira-dispatcher-postgres-1,1,2000
2026-10-05T18:41:10.328119+00:00,yii3-benchmarks-rapira-dispatcher-postgres-1,1,2000
2026-10-05T18:41:40.401791+00:00,yii3-benchmarks-rapira-dispatcher-postgres-1,1,2000
2026-10-05T18:42:10.473786+00:00,yii3-benchmarks-rapira-dispatcher-postgres-1,1,2000
2026-10-05T18:42:40.564468+00:00,yii3-benchmarks-rapira-dispatcher-postgres-1,1,2000
2026-10-05T18:43:10.673938+00:00,yii3-benchmarks-rapira-dispatcher-postgres-1,1,2000
2026-10-05T18:43:40.785612+00:00,yii3-benchmarks-rapira-dispatcher-postgres-1,1,2000
2026-10-05T18:44:10.893775+00:00,yii3-benchmarks-rapira-dispatcher-postgres-1,1,2000
2026-10-05T18:44:40.953339+00:00,yii3-benchmarks-rapira-dispatcher-postgres-1,19,2000
2026-10-05T18:45:11.017857+00:00,yii3-benchmarks-rapira-dispatcher-postgres-1,19,2000
2026-10-05T18:45:41.092927+00:00,yii3-benchmarks-rapira-dispatcher-postgres-1,19,2000
2026-10-05T18:46:11.173517+00:00,yii3-benchmarks-rapira-dispatcher-postgres-1,19,2000
2026-10-05T18:46:41.250464+00:00,yii3-benchmarks-rapira-dispatcher-postgres-1,19,2000
2026-10-05T18:47:11.333071+00:00,yii3-benchmarks-rapira-dispatcher-postgres-1,20,2000
2026-10-05T18:47:41.426286+00:00,yii3-benchmarks-rapira-dispatcher-postgres-1,20,2000
2026-10-05T18:48:11.515131+00:00,yii3-benchmarks-rapira-dispatcher-postgres-1,19,2000
2026-10-05T18:48:41.603321+00:00,yii3-benchmarks-rapira-dispatcher-postgres-1,19,2000
2026-10-05T18:49:11.698953+00:00,yii3-benchmarks-rapira-dispatcher-postgres-1,20,2000
2026-10-05T18:49:41.786131+00:00,yii3-benchmarks-rapira-dispatcher-postgres-1,19,2000
2026-10-05T18:50:11.871338+00:00,yii3-benchmarks-rapira-dispatcher-postgres-1,19,2000
2026-10-05T18:50:41.960564+00:00,yii3-benchmarks-rapira-dispatcher-postgres-1,19,2000
2026-10-05T18:51:12.018872+00:00,yii3-benchmarks-oxphp-classic-postgres-1,2,2000
2026-10-05T18:51:42.081306+00:00,yii3-benchmarks-oxphp-classic-postgres-1,1,2000
2026-10-05T18:52:12.152157+00:00,yii3-benchmarks-oxphp-classic-postgres-1,1,2000
2026-10-05T18:52:42.242706+00:00,yii3-benchmarks-oxphp-classic-postgres-1,1,2000
2026-10-05T18:53:12.334376+00:00,yii3-benchmarks-oxphp-classic-postgres-1,1,2000
2026-10-05T18:53:42.422695+00:00,yii3-benchmarks-oxphp-classic-postgres-1,1,2000
2026-10-05T18:54:12.510322+00:00,yii3-benchmarks-oxphp-classic-postgres-1,1,2000
2026-10-05T18:54:42.598383+00:00,yii3-benchmarks-oxphp-classic-postgres-1,1,2000
2026-10-05T18:55:12.687732+00:00,yii3-benchmarks-oxphp-classic-postgres-1,1,2000
2026-10-05T18:55:42.782273+00:00,yii3-benchmarks-oxphp-classic-postgres-1,1,2000
2026-10-05T18:56:12.867583+00:00,yii3-benchmarks-oxphp-classic-postgres-1,1,2000
2026-10-05T18:56:42.964187+00:00,yii3-benchmarks-oxphp-classic-postgres-1,1,2000
2026-10-05T18:57:13.048810+00:00,yii3-benchmarks-oxphp-classic-postgres-1,1,2000
2026-10-05T18:57:43.130800+00:00,yii3-benchmarks-oxphp-classic-postgres-1,1,2000
2026-10-05T18:58:13.188622+00:00,yii3-benchmarks-oxphp-classic-postgres-1,21,2000
2026-10-05T18:58:43.252864+00:00,yii3-benchmarks-oxphp-classic-postgres-1,21,2000
2026-10-05T18:59:13.347068+00:00,yii3-benchmarks-oxphp-classic-postgres-1,21,2000
2026-10-05T18:59:43.434666+00:00,yii3-benchmarks-oxphp-classic-postgres-1,21,2000
2026-10-05T19:00:13.526079+00:00,yii3-benchmarks-oxphp-classic-postgres-1,21,2000
2026-10-05T19:00:43.626841+00:00,yii3-benchmarks-oxphp-classic-postgres-1,21,2000
2026-10-05T19:01:13.731218+00:00,yii3-benchmarks-oxphp-classic-postgres-1,21,2000
2026-10-05T19:01:43.825373+00:00,yii3-benchmarks-oxphp-classic-postgres-1,21,2000
2026-10-05T19:02:13.913567+00:00,yii3-benchmarks-oxphp-classic-postgres-1,21,2000
2026-10-05T19:02:44.006529+00:00,yii3-benchmarks-oxphp-classic-postgres-1,21,2000
2026-10-05T19:03:14.097731+00:00,yii3-benchmarks-oxphp-classic-postgres-1,21,2000
2026-10-05T19:03:44.192671+00:00,yii3-benchmarks-oxphp-classic-postgres-1,21,2000
2026-10-05T19:04:14.281766+00:00,yii3-benchmarks-oxphp-classic-postgres-1,21,2000
2026-10-05T19:04:44.378414+00:00,yii3-benchmarks-oxphp-classic-postgres-1,21,2000
2026-10-05T19:05:14.439406+00:00,yii3-benchmarks-oxphp-worker-postgres-1,1,2000
2026-10-05T19:05:44.502230+00:00,yii3-benchmarks-oxphp-worker-postgres-1,1,2000
2026-10-05T19:06:14.564673+00:00,yii3-benchmarks-oxphp-worker-postgres-1,1,2000
2026-10-05T19:06:44.630616+00:00,yii3-benchmarks-oxphp-worker-postgres-1,1,2000
2026-10-05T19:07:14.696203+00:00,yii3-benchmarks-oxphp-worker-postgres-1,1,2000
2026-10-05T19:07:44.769814+00:00,yii3-benchmarks-oxphp-worker-postgres-1,1,2000
2026-10-05T19:08:14.851232+00:00,yii3-benchmarks-oxphp-worker-postgres-1,1,2000
2026-10-05T19:08:44.932576+00:00,yii3-benchmarks-oxphp-worker-postgres-1,1,2000
2026-10-05T19:09:15.015617+00:00,yii3-benchmarks-oxphp-worker-postgres-1,1,2000
2026-10-05T19:09:45.123992+00:00,yii3-benchmarks-oxphp-worker-postgres-1,1,2000
2026-10-05T19:10:15.243413+00:00,yii3-benchmarks-oxphp-worker-postgres-1,1,2000
2026-10-05T19:10:45.320610+00:00,yii3-benchmarks-oxphp-worker-postgres-1,1,2000
2026-10-05T19:13:18.013102+00:00,yii3-benchmarks-oxphp-worker-postgres-1,61,2000
2026-10-05T19:13:48.109119+00:00,yii3-benchmarks-oxphp-worker-postgres-1,101,2000
2026-10-05T19:14:18.203307+00:00,yii3-benchmarks-oxphp-worker-postgres-1,141,2000
2026-10-05T19:14:48.296333+00:00,yii3-benchmarks-oxphp-worker-postgres-1,181,2000
2026-10-05T19:15:18.390060+00:00,yii3-benchmarks-oxphp-worker-postgres-1,221,2000
2026-10-05T19:15:48.478217+00:00,yii3-benchmarks-oxphp-worker-postgres-1,257,2000
2026-10-05T19:16:18.572621+00:00,yii3-benchmarks-oxphp-worker-postgres-1,297,2000
2026-10-05T19:16:48.671619+00:00,yii3-benchmarks-oxphp-worker-postgres-1,321,2000
2026-10-05T19:17:18.764942+00:00,yii3-benchmarks-oxphp-worker-postgres-1,361,2000
2026-10-05T19:17:48.859249+00:00,yii3-benchmarks-oxphp-worker-postgres-1,401,2000
2026-10-05T19:18:18.956585+00:00,yii3-benchmarks-oxphp-worker-postgres-1,441,2000
